time,close_hpg,close_vni,R_hpg,R_vni
2019-10-08,7.55,988.22,0.028208720634509157,0.00520467260895399
2019-10-09,7.55,987.83,0.0,-0.00039472685920269145
2019-10-10,7.41,987.38,-0.018717123952937755,-0.00045564776179304536
2019-10-11,7.41,991.84,0.0,0.004506833549704526
2019-10-14,7.4,993.57,-0.0013504390978714624,0.001742713533065068
2019-10-15,7.36,993.05,-0.005420067469339256,-0.0005235022418738952
2019-10-16,7.34,994.46,-0.0027210901143607247,0.0014188610236396766
2019-10-17,7.38,989.82,0.005434795985956995,-0.004676767852552217
2019-10-18,7.38,989.2,0.0,-0.0006265727686268711
2019-10-21,7.31,983.56,-0.009530364850693989,-0.0057178930699256225
2019-10-22,7.45,987.19,0.018970758629781148,0.003683880862839207
2019-10-23,7.53,987.79,0.01068100942033409,0.0006076011083239475
2019-10-24,7.59,993.6,0.007936549595736342,0.0058645866307156
2019-10-25,7.52,996.57,-0.009265453445790123,0.0029846718670220105
2019-10-28,7.66,996.48,0.01844584579075165,-9.03138406574977e-05
2019-10-29,7.66,995.87,0.0,-0.0006123422280830575
2019-10-30,7.59,1000.89,-0.009180392344961364,0.0050281561894742035
2019-10-31,7.52,998.82,-0.009265453445790123,-0.0020703009329953318
2019-11-01,7.55,1015.59,0.003981425299184822,0.01665042115185377
2019-11-04,7.5,1022.43,-0.006644542718668501,0.006712422529957293
2019-11-05,7.55,1024.34,0.006644542718668511,0.001866355823490253
2019-11-06,7.59,1024.91,0.005284028146605206,0.000556301100109743
2019-11-07,7.83,1024.03,0.031130918595173213,-0.0008589807940779192
2019-11-08,7.83,1022.49,0.0,-0.0015049941272754518
2019-11-11,7.86,1016.75,0.0038240964384034758,-0.005629563130698607
2019-11-12,7.93,1018.33,0.008866429205641325,0.0015527648224726105
2019-11-13,7.81,1012.77,-0.015248071795162002,-0.005474879511681446
2019-11-14,7.81,1012.3,0.0,-0.00046418149341909197
2019-11-15,7.81,1010.03,0.0,-0.0022449362402283783
2019-11-18,7.9,1002.91,0.011457795621381358,-0.007074259236169205
2019-11-19,7.86,1008.35,-0.005076153031860661,0.005409557457542438
2019-11-20,7.72,1000.56,-0.01797224240443048,-0.007755488345199778
2019-11-21,7.59,987.89,-0.016982772629146194,-0.012743766723488033
2019-11-22,7.62,977.78,0.003944778291016325,-0.010286659662394466
2019-11-25,7.67,976.35,0.006540245680609975,-0.0014635671682624557
2019-11-26,7.81,976.79,0.018088348472429815,0.00045055654734762606
2019-11-27,7.79,978.17,-0.0025641039689376474,0.001411793826179041
2019-11-28,7.79,970.39,0.0,-0.00798542651214373
2019-11-29,7.88,970.75,0.011487043987130779,0.0003709160638875334
2019-12-02,7.91,959.31,0.0037998779097748424,-0.011854692574511919
2019-12-03,8.09,953.43,0.02250094929083782,-0.006148267430568298
2019-12-04,8.09,965.9,0.0,0.012994300578553847
2019-12-05,7.97,963.27,-0.014944238268276672,-0.002726562852746579
2019-12-06,8.22,963.56,0.030885716265965067,0.0003010125461921205
2019-12-09,8.34,966.06,0.014493007302566824,0.002591185206206413
2019-12-10,8.41,960.3,0.008358257614201245,-0.005980208440975113
2019-12-11,8.41,961.78,0.0,0.0015399986394913033
2019-12-12,8.34,968.17,-0.008358257614201359,0.006621957408511444
2019-12-13,8.21,966.18,-0.015710292906318438,-0.0020575394339702423
2019-12-16,8.19,961.47,-0.0024390255993589696,-0.004886788963944115
2019-12-17,7.98,954.03,-0.025975486403260563,-0.0077682457992805255
2019-12-18,7.78,951.13,-0.02538207327141716,-0.003044366079285815
2019-12-19,7.86,952.26,0.010230268250815043,0.0011873553320730819
2019-12-20,7.93,956.41,0.008866429205641325,0.004348584658187511
2019-12-23,7.95,959.43,0.0025188930194839864,0.0031526667168364658
2019-12-24,8.0,958.88,0.006269613013595395,-0.0005734214126710117
2019-12-25,7.98,960.92,-0.002503130218118477,0.002125222177119268
2019-12-26,7.93,958.59,-0.006285375814960865,-0.0024277040957005574
2019-12-27,8.12,963.51,0.023677118526829976,0.005119411836460108
2019-12-30,8.16,965.03,0.004914014802429163,0.001576322310909085
2019-12-31,8.1,960.99,-0.007380107297622646,-0.0041951858497747815
2020-01-02,8.28,966.67,0.021978906718775167,0.005893172487484237
2020-01-03,8.33,965.14,0.006020487781583025,-0.001584007039934007
2020-01-06,8.28,955.79,-0.0060204877815831365,-0.009734944886953286
2020-01-07,8.17,958.88,-0.013374059525256755,0.0032277130603899267
2020-01-08,8.09,948.98,-0.009840177801511234,-0.010378213137619656
2020-01-09,8.28,960.15,0.023214237326768028,0.011701798683866506
2020-01-10,8.34,968.54,0.007220247973487097,0.008700260718964833
2020-01-13,8.36,965.84,0.00239521072595485,-0.0027915939509547873
2020-01-14,8.62,967.0,0.03062665757899147,0.0012003064291622601
2020-01-15,8.67,967.56,0.005783706116848761,0.0005789430316365736
2020-01-16,8.72,974.31,0.005750447128437938,0.0069520896728159295
2020-01-17,8.62,978.96,-0.011534153245286742,0.004761255519665888
2020-01-20,8.79,978.63,0.019529627021483878,-0.0003371492530365616
2020-01-21,8.91,986.37,0.013559529785632513,0.007877903337950624
2020-01-22,9.07,991.46,0.017798022644327213,0.005147066468951141
2020-01-30,8.72,959.58,-0.03935302620615695,-0.03268291550044344
2020-01-31,8.31,936.62,-0.04815962905353146,-0.024218038376369773
2020-02-03,8.47,928.14,0.019070899796606325,-0.009095066877836079
2020-02-04,8.48,929.09,0.001179941139848548,0.0010230290086364212
2020-02-05,8.43,925.91,-0.00591367779004774,-0.0034285747871779576
2020-02-06,8.69,938.54,0.030376167263536487,0.013548438624267852
2020-02-07,8.4,940.75,-0.0339412334280326,0.0023519531511918225
2020-02-10,8.4,930.73,0.0,-0.01070820499886545
2020-02-11,8.14,934.67,-0.031441525834819004,0.004224301339139264
2020-02-12,8.21,937.68,0.008562743449887857,0.003215213601104295
2020-02-13,8.17,938.24,-0.00488401459242546,0.0005970404032525485
2020-02-14,8.17,937.45,0.0,-0.0008423567292174416
2020-02-17,8.19,934.77,0.0024449889930664398,-0.002862913365417256
2020-02-18,8.03,927.93,-0.019729369906307793,-0.007344210816888357
2020-02-19,8.02,928.76,-0.001246106080247183,0.0008940642275108001
2020-02-20,8.19,938.13,0.020975475986554994,0.010038169019504698
2020-02-21,8.12,933.09,-0.008583743691391555,-0.005386872936075961
2020-02-24,7.83,903.34,-0.03636764417087472,-0.032402653965388696
2020-02-25,7.97,909.67,0.01772198279941194,0.006982891127224274
2020-02-26,7.84,895.97,-0.016445658439807154,-0.01517496610789538
2020-02-27,7.91,898.44,0.008888947417245994,0.0027529957590603695
2020-02-28,7.71,882.19,-0.025609594204324376,-0.01825247372211816
2020-03-02,7.69,884.43,-0.002597404057685506,0.0025359174020788016
2020-03-03,7.69,890.61,0.0,0.006963251499367523
2020-03-04,7.71,889.37,0.002597404057685471,-0.0013932743071181255
2020-03-05,7.71,893.31,0.0,0.00442031818988565
2020-03-06,7.72,891.44,0.0012961764614466762,-0.0020955323538914003
2020-03-09,7.19,835.49,-0.07112319230372939,-0.06481975365588737
2020-03-10,7.47,837.5,0.03820382741177059,0.002402884616310316
2020-03-11,7.09,811.35,-0.052209658600689775,-0.03172173671367578
2020-03-12,6.64,769.25,-0.06557337705569366,-0.053283512783394466
2020-03-13,6.57,761.78,-0.010598130991823248,-0.009758214112151012
2020-03-16,6.59,747.86,0.0030395160178965965,-0.018442005408623653
2020-03-17,6.62,745.78,0.004542021434500986,-0.002785144137210271
2020-03-18,6.79,747.66,0.02535557162168798,0.0025176786386648946
2020-03-19,6.6,725.94,-0.02838129253822491,-0.02948096240138959
2020-03-20,6.41,709.73,-0.029210378099801093,-0.022582750761639764
2020-03-23,5.97,666.59,-0.07111234352806799,-0.06270945175883598
2020-03-24,5.9,659.21,-0.011794576492836816,-0.01113301587785287
2020-03-25,6.14,690.25,0.03987239124737714,0.046011702427150906
2020-03-26,5.84,694.21,-0.05009394531891543,0.0057206575842550025
2020-03-27,5.59,696.06,-0.0437515096731279,0.0026613551208514597
2020-03-30,5.64,662.26,0.008904778342959685,-0.04977763543944564
2020-03-31,5.81,662.53,0.029696505353852348,0.0004076117780754718
2020-04-01,5.95,680.23,0.023810648693718607,0.02636513642160784
2020-04-03,6.09,701.8,0.023256862164267183,0.031217486873506554
2020-04-06,6.5,736.75,0.06515409517978579,0.04860015846868941
2020-04-07,6.55,746.69,0.007662872745569097,0.013401484074900733
2020-04-08,6.45,748.02,-0.015384918839479343,0.001779609892233747
2020-04-09,6.4,760.33,-0.007782140442054963,0.016322833979643073
2020-04-10,6.48,757.94,0.01242251999855711,-0.0031483227280086983
2020-04-13,6.67,765.79,0.028899349563349042,0.010303753881612317
2020-04-14,6.88,767.41,0.03099879201772004,0.0021132280235767044
2020-04-15,6.93,777.22,0.007241161256559474,0.012702241832380615
2020-04-16,6.98,780.7,0.007189103572469256,0.0044675025521028365
2020-04-17,7.14,789.6,0.02266385957721187,0.011335534993026579
2020-04-20,7.31,794.97,0.023530497410194036,0.006777889973988315
2020-04-21,6.97,766.84,-0.04762804898925459,-0.036026203441411594
2020-04-22,7.17,768.92,0.028290429839096576,0.0027087582328107164
2020-04-23,7.45,773.91,0.03830837777993926,0.006468654874364969
2020-04-24,7.62,776.66,0.022562337307086792,0.0035470864047847687
2020-04-27,7.57,770.77,-0.006583302249197448,-0.007612658982996248
2020-04-28,7.38,767.21,-0.025419428836976385,-0.004629457285687079
2020-04-29,7.41,769.11,0.004056800695614469,0.0024734442937300446
2020-05-04,7.24,762.47,-0.023209232910370515,-0.008670838743590035
2020-05-05,7.38,764.16,0.019152432214756137,0.002214027878861953
2020-05-06,7.66,782.59,0.03723834514011879,0.023831740450791252
2020-05-07,8.14,796.54,0.06077819626194909,0.01766841602545312
2020-05-08,8.07,813.73,-0.008636697732591543,0.021351267847408446
2020-05-11,8.26,828.33,0.02327110525102916,0.017783010061872457
2020-05-12,8.16,835.32,-0.01218041855687096,0.008403259258922137
2020-05-13,8.31,834.21,0.01821543989134112,-0.0013297157446147882
2020-05-14,8.26,832.4,-0.006035021334470249,-0.002172074704481382
2020-05-15,8.1,827.03,-0.019560525854493596,-0.006472124458451059
2020-05-18,8.66,837.01,0.06685066089595088,0.011995047788379242
2020-05-19,9.02,845.92,0.04072961150018836,0.010588774637732425
2020-05-20,9.12,852.91,0.01102547001170764,0.008229239473141196
2020-05-21,9.14,862.73,0.0021905813798186818,0.011447748062664543
2020-05-22,9.4,852.74,0.028049303809899586,-0.011647085559293805
2020-05-25,9.41,859.04,0.0010632643213300838,0.007360792210607396
2020-05-26,9.79,869.13,0.03958850294513069,0.0116772246407866
2020-05-27,9.38,857.48,-0.042781693524285486,-0.013494856162110934
2020-05-28,9.38,861.39,0.0,0.004549508391099572
2020-05-29,9.45,864.47,0.0074349784875179905,0.003569238837212337
2020-06-01,9.53,878.67,0.008429976160459401,0.01629279819255269
2020-06-02,9.33,874.8,-0.02120970280685816,-0.004414111771186761
2020-06-03,9.29,881.17,-0.004296462033505451,0.007255281061255257
2020-06-04,9.17,883.9,-0.013001266557373627,0.003093364203034291
2020-06-05,9.33,886.22,0.017297728590878973,0.0026212927128411484
2020-06-08,9.55,899.92,0.023306139633386482,0.015340643704827005
2020-06-09,9.34,899.43,-0.02223490225188773,-0.0005446411338678151
2020-06-10,9.31,900.0,-0.0032171609517754637,0.0006335339736081447
2020-06-11,8.79,867.37,-0.05747437959189024,-0.03692911864059595
2020-06-12,9.14,863.52,0.03904567376897323,-0.004448585813382235
2020-06-15,8.76,832.47,-0.04246448051775861,-0.036619873701083334
2020-06-16,9.03,856.13,0.030356462480593992,0.028025048600418094
2020-06-17,9.05,854.44,0.0022123902829408637,-0.0019759501801933353
2020-06-18,9.24,855.27,0.020777127941757963,0.0009709249699692993
2020-06-19,9.43,868.56,0.020354210991773224,0.015419459364153393
2020-06-22,9.41,871.28,-0.0021231430480778664,0.00312672684383437
2020-06-23,9.31,868.2,-0.010683862308312577,-0.0035412919019377725
2020-06-24,9.31,859.71,0.0,-0.009826979788106701
2020-06-25,9.41,854.59,0.01068386230831261,-0.005973301316686539
2020-06-26,9.38,851.98,-0.0031931905791549088,-0.0030587693853108182
2020-06-29,9.19,829.36,-0.02046382665053775,-0.026908733360532504
2020-06-30,9.24,825.11,0.005425949285997205,-0.005137608234941226
2020-07-01,9.45,843.49,0.022472855852058576,0.022031335771279716
2020-07-02,9.52,842.38,0.00738010729762268,-0.0013168277036761157
2020-07-03,9.48,847.61,-0.004210532536343382,0.006189405494961871
2020-07-06,9.52,861.16,0.004210532536343458,0.015859693250647233
2020-07-07,9.78,863.42,0.026944635243451927,0.0026209294943842143
2020-07-08,9.67,864.5,-0.011311174581522906,0.0012500580358327353
2020-07-09,9.71,876.46,0.004127972838030591,0.013739762144106328
2020-07-10,9.57,871.21,-0.014523076838370728,-0.006008017294007927
2020-07-13,9.53,868.72,-0.004188487798752247,-0.0028621860647984427
2020-07-14,9.62,868.11,0.0093995470115043,-0.00070242916702446
2020-07-15,9.67,869.91,0.005184044787587919,0.0020713232800048578
2020-07-16,9.86,876.83,0.019457859149341117,0.007923372915262026
2020-07-17,9.84,872.02,-0.0020304575503819517,-0.00550077151111209
2020-07-20,9.66,861.4,-0.018462062839735442,-0.012253386805765001
2020-07-21,9.69,861.69,0.0031007776782481854,0.0003366045914469522
2020-07-22,9.69,855.08,0.0,-0.0077005454003772145
2020-07-23,9.72,856.75,0.0030911925696728796,0.0019511289436380883
2020-07-24,9.26,829.16,-0.04848156981425976,-0.0327330206234077
2020-07-27,8.95,785.17,-0.034050516371324044,-0.05451288528519017
2020-07-28,9.43,813.36,0.05224256435860207,0.03527356112078543
2020-07-29,9.17,790.84,-0.027958810376992622,-0.028078144260225833
2020-07-30,9.32,801.13,0.016225342429126346,0.012927559321514542
2020-07-31,9.15,798.39,-0.018408749410069848,-0.003426031159479446
2020-08-03,9.65,814.65,0.05320403606346467,0.020161373280249105
2020-08-04,9.69,827.57,0.0041365105517802755,0.015735122669555505
2020-08-05,10.16,837.8,0.04736401624766094,0.01228571269441494
2020-08-06,10.14,840.04,-0.001970443987298725,0.0026701012382930574
2020-08-07,10.2,841.46,0.005899722127188102,0.001688968584667946
2020-08-10,10.24,843.2,0.003913899321136315,0.00206569945120257
2020-08-11,10.22,843.08,-0.0019550348358033506,-0.00014232511825147527
2020-08-12,10.24,846.92,0.001955034835803295,0.004544386518888968
2020-08-13,10.33,855.05,0.008750663520185453,0.00955370757132717
2020-08-14,10.16,850.74,-0.016593840981211357,-0.0050533877815411325
2020-08-17,10.24,850.15,0.007843177461025879,-0.0006937544740268462
2020-08-18,10.18,846.43,-0.005876608488985042,-0.00438529979318745
2020-08-19,10.22,851.21,0.003921573653181865,0.00563136192836467
2020-08-20,10.16,848.21,-0.0058881426252225975,-0.0035306199954322566
2020-08-21,10.26,854.78,0.009794397592287625,0.007715879242117009
2020-08-24,10.45,868.68,0.0183491386681964,0.01613069220769349
2020-08-25,10.35,874.12,-0.00961545869944187,0.0062428479089012764
2020-08-26,10.2,873.47,-0.014598799421152749,-0.0007438816083562064
2020-08-27,10.24,874.71,0.003913899321136315,0.001418618458003321
2020-08-28,10.24,878.98,0.0,0.0048697414461668625
2020-08-31,10.35,881.65,0.010684900100016353,0.0030330075561669596
2020-09-01,10.45,891.73,0.009615458699441973,0.011368244323076405
2020-09-03,10.54,903.97,0.008575564702396324,0.013632777823797477
2020-09-04,10.52,901.54,-0.001899335803652405,-0.002691761848153927
2020-09-07,10.33,888.25,-0.018225924178016526,-0.014851177251515989
2020-09-08,10.39,890.14,0.005791521979588825,0.00212551882495764
2020-09-09,10.33,889.32,-0.005791521979588937,-0.0009216279748262523
2020-09-10,10.35,888.82,0.0019342365798309684,-0.0005623854287944385
2020-09-11,10.31,888.97,-0.0038722216825094508,0.00016874884025224797
2020-09-14,10.37,894.57,0.005802724212567236,0.006279666733150143
2020-09-15,10.41,896.26,0.003849860385441715,0.0018873935568245821
2020-09-16,10.41,897.47,0.0,0.0013491441672222292
2020-09-17,10.71,894.04,0.028411001832779944,-0.003829176718028059
2020-09-18,10.83,900.95,0.011142176553241803,0.007699245270928868
2020-09-21,10.83,907.94,0.0,0.0077285349499830475
2020-09-22,10.77,906.19,-0.005555569844602105,-0.0019293000422467594
2020-09-23,10.87,912.5,0.009242209964820886,0.0069390883760870594
2020-09-24,10.81,908.58,-0.005535069482001028,-0.004305144260027435
2020-09-25,10.85,908.27,0.003693448335351509,-0.0003412499689114617
2020-09-28,11.13,912.5,0.025479085300984968,0.004646394228938843
2020-09-29,11.11,903.98,-0.0017985616359149784,-0.009380849203012276
2020-09-30,11.13,905.21,0.0017985616359148977,0.0013597247270958413
2020-10-01,11.38,914.09,0.022213263410731456,0.009762073897072676
2020-10-02,11.25,909.91,-0.011489300047755809,-0.004583341356844453
2020-10-05,11.53,914.68,0.024584205630538373,0.005228583809935716
2020-10-06,11.91,915.67,0.032426049086241235,0.0010817604245548903
2020-10-07,11.72,919.72,-0.016081599218342162,0.004413238138351317
2020-10-08,11.84,918.84,0.010186845306992997,-0.0009572709807678487
2020-10-09,12.01,924.0,0.014256006636032555,0.005600066728651718
2020-10-12,11.91,925.83,-0.008361252724683433,0.001978560837473996
2020-10-13,11.8,929.86,-0.00927885189558958,0.004343404701808013
2020-10-14,11.95,940.18,0.012631746905900564,0.011037309113038029
2020-10-15,12.24,942.76,0.0239779987066604,0.002740397054183114
2020-10-16,12.27,943.3,0.0024479816386400372,0.0005726223076203843
2020-10-19,12.18,943.69,-0.007361996441069082,0.0004133567274369503
2020-10-20,12.37,944.42,0.015478924122645602,0.0007732600710489067
2020-10-21,12.27,939.03,-0.008116927681576467,-0.005723554874595948
2020-10-22,12.48,949.9,0.01697010421846156,0.011509288316439431
2020-10-23,13.02,961.26,0.04235927383914143,0.011888207990541232
2020-10-26,12.98,950.8,-0.0030769255044791975,-0.010941188400639146
2020-10-27,13.24,946.47,0.01983283923291824,-0.004564461060058831
2020-10-28,12.81,921.05,-0.0330164346002192,-0.027224950827753835
2020-10-29,12.9,919.08,0.007001195458983561,-0.0021411538887236036
2020-10-30,12.88,925.47,-0.001551590691418833,0.00692854686781607
2020-11-02,12.9,933.68,0.00155159069141885,0.00883205052677949
2020-11-03,12.94,935.41,0.003095977705127992,0.0018511687441846105
2020-11-04,12.92,939.76,-0.0015467907182986822,0.004639587667347759
2020-11-05,12.75,937.75,-0.01324522675002068,-0.002141134553633845
2020-11-06,12.81,938.29,0.0046948443042076635,0.0005756807050099062
2020-11-09,13.28,951.99,0.03603302813964474,0.014495460867508664
2020-11-10,13.19,951.9,-0.006800177319064535,-9.45432772555731e-05
2020-11-11,13.19,952.22,0.0,0.00033611327333644807
2020-11-12,13.26,959.28,0.005293018028493132,0.007386902540581805
2020-11-13,13.47,966.29,0.015713005664556332,0.007280993127561023
2020-11-16,13.59,950.79,0.00886923774077957,-0.016170778226990798
2020-11-17,14.06,968.9,0.03399965821946653,0.018868189419210448
2020-11-18,14.58,973.53,0.036316840197993285,0.004767233587459033
2020-11-19,14.84,983.26,0.017675511158722183,0.009944940635203504
2020-11-20,15.05,990.0,0.014051753455650507,0.00683136151501463
2020-11-23,15.81,994.19,0.04926466002649589,0.004223392142988823
2020-11-24,15.81,995.76,0.0,0.0015779294210976843
2020-11-25,15.01,999.94,-0.05192600557601012,0.004189012489342879
2020-11-26,14.79,1005.97,-0.014765368922662229,0.006012251959403703
2020-11-27,15.28,1010.22,0.032593507015666094,0.004215878756294604
2020-11-30,14.96,1003.08,-0.021164811192043158,-0.007092862398698215
2020-12-01,15.01,1008.87,0.003336673099039249,0.005755626117826618
2020-12-02,14.88,1014.32,-0.008698616240424726,0.005387544602800859
2020-12-03,15.53,1019.8,0.0427556077556497,0.005388092401362768
2020-12-04,15.57,1021.49,0.0025723486853113046,0.0016558160634956485
2020-12-07,16.1,1029.98,0.03347328614451037,0.008277038874880745
2020-12-08,16.19,1029.26,0.00557449569912645,-0.0006992871441310618
2020-12-09,16.23,1039.13,0.00246761383695612,0.009543727165022341
2020-12-10,15.85,1030.91,-0.023691881203210263,-0.007941917263124128
2020-12-11,16.35,1045.96,0.031058397019972803,0.014493216658684761
2020-12-14,16.54,1064.09,0.01155379225228273,0.01718484981463796
2020-12-15,16.27,1055.27,-0.0164587683645988,-0.008323315452742888
2020-12-16,16.35,1066.99,0.004904976112316162,0.011044941848828739
2020-12-17,15.87,1051.77,-0.02979736280494481,-0.014367140970939841
2020-12-18,16.27,1067.46,0.024892386692628814,0.014807535459071354
2020-12-21,16.25,1081.08,-0.001230012455199932,0.012678546776609657
2020-12-22,16.59,1083.45,0.020707195426606533,0.0021898527136167928
2020-12-23,16.86,1078.9,0.016143848371356205,-0.004208390607671089
2020-12-24,16.84,1067.52,-0.0011869437595287257,-0.010603802267021933
2020-12-25,17.18,1084.42,0.019988907741928602,0.015707080542987972
2020-12-28,17.51,1091.33,0.019026229741651343,0.00635185405729938
2020-12-29,17.53,1099.49,0.0011415526353827253,0.007449300019694379
2020-12-30,17.24,1097.54,-0.016681433697596226,-0.0017751241558359783
2020-12-31,17.47,1103.87,0.013252858910418195,0.005750875525931683
2021-01-04,17.83,1120.47,0.020397307729083863,0.014926052840494685
2021-01-05,17.85,1132.55,0.0011210763505993101,0.01072348737213221
2021-01-06,18.04,1143.21,0.010588006408829478,0.00936836746020991
2021-01-07,18.04,1156.49,0.0,0.011549460901848507
2021-01-08,18.02,1167.69,-0.0011092624542857338,0.00963788234651089
2021-01-11,18.15,1184.89,0.007188308530667793,0.014622505054772878
2021-01-12,18.93,1192.28,0.04207740451037173,0.006217497113307089
2021-01-13,18.84,1186.05,-0.004765696073014457,-0.00523898218458075
2021-01-14,18.74,1187.4,-0.005321992337940981,0.0011375846515293115
2021-01-15,18.76,1194.2,0.0010666667678026682,0.005710462276317032
2021-01-18,18.8,1191.94,0.002129926257824849,-0.0018942733249441414
2021-01-19,17.53,1131.0,-0.06994317090276037,-0.05248003467182748
2021-01-20,17.58,1134.68,0.0028481933238877354,0.0032484757213096563
2021-01-21,18.63,1164.21,0.05801129235646626,0.025692072552732332
2021-01-22,18.4,1166.78,-0.012422519998557209,0.0022050725583139755
2021-01-25,18.42,1166.05,0.0010863662122210114,-0.0006258493107750475
2021-01-26,17.83,1136.12,-0.03255459895211199,-0.026003020132645133
2021-01-27,16.99,1097.17,-0.0482574961912084,-0.03488481114133667
2021-01-28,15.81,1023.94,-0.07198228446245986,-0.06907620623094714
2021-01-29,16.5,1056.61,0.042717729685154325,0.03140773887217208
2021-02-01,16.16,1035.51,-0.020821327813585627,-0.020171611045486714
2021-02-02,17.07,1075.53,0.05478348371340002,0.037919504362086
2021-02-03,17.7,1111.29,0.036242102773434065,0.032707939359310614
2021-02-04,17.62,1112.19,-0.004530019071749899,0.0008095418435531915
2021-02-05,17.91,1126.91,0.01632459556458692,0.013148329296377947
2021-02-08,17.24,1083.18,-0.03812695083707347,-0.03957821464416376
2021-02-09,17.62,1114.93,0.021802355272486567,0.028890463477775487
2021-02-17,18.31,1155.78,0.038412738178385746,0.03598381804772441
2021-02-18,18.48,1174.38,0.009241707527118745,0.015964908040365954
2021-02-19,18.31,1173.5,-0.009241707527118876,-0.0007496124514094008
2021-02-22,18.29,1175.04,-0.0010928962836449807,0.0013114532609380942
2021-02-23,18.25,1177.64,-0.002189382374273773,0.0022102462370211158
2021-02-24,18.38,1162.01,0.007098036899040429,-0.013361171562231692
2021-02-25,18.61,1165.43,0.012435953726618333,0.0029388533852683766
2021-02-26,19.22,1168.47,0.03225233288798691,0.0026050830963072692
2021-03-01,19.47,1186.17,0.012923415841961845,0.01503442853171181
2021-03-02,19.68,1186.61,0.010728072239999078,0.0003708729886826778
2021-03-03,19.73,1186.95,0.0025374284104167444,0.000286489494536167
2021-03-04,19.35,1168.52,-0.01944790055873314,-0.015649000930242556
2021-03-05,19.39,1168.69,0.0020650497787696427,0.0001454725936478633
2021-03-08,19.52,1168.27,0.0066821117303858335,-0.00035944132935265783
2021-03-09,19.33,1161.97,-0.009781287764706945,-0.005407181534725051
2021-03-10,19.22,1170.08,-0.005706889678093052,0.0069552820000012535
2021-03-11,19.56,1181.73,0.01753526106452484,0.009907343954180631
2021-03-12,19.58,1181.56,0.0010219724956929677,-0.00014386723617772985
2021-03-15,19.6,1184.56,0.0010209291341073648,0.00253579835981964
2021-03-16,19.43,1179.9,-0.008711302847122876,-0.003941708494589741
2021-03-17,19.52,1186.09,0.004621317595597692,0.005232493901487661
2021-03-18,19.64,1200.94,0.006128721941373546,0.012442400456634794
2021-03-19,19.87,1194.05,0.011642753637405752,-0.005753693341324704
2021-03-22,19.71,1194.43,-0.008084935399096623,0.0003181940005411288
2021-03-23,19.64,1183.45,-0.003557818238309061,-0.00923518263239228
2021-03-24,19.16,1161.81,-0.0247435303836054,-0.01845476763598294
2021-03-25,18.97,1163.1,-0.00996598859579168,0.001109720490155789
2021-03-26,19.47,1162.21,0.026016035437185413,-0.0007654893699846996
2021-03-29,19.52,1175.68,0.0025647616008380963,0.011523338611697865
2021-03-30,19.58,1186.36,0.003069056117417747,0.00904309222696554
2021-03-31,19.73,1191.44,0.007631682932159843,0.004272863763940469
2021-04-01,20.44,1216.1,0.035353445300979676,0.02048635740934153
2021-04-02,20.67,1224.45,0.011189608358173331,0.006842746578520903
2021-04-05,20.78,1236.05,0.005307611977404389,0.009429047708391461
2021-04-06,20.82,1239.96,0.0019230775157414838,0.003158309740397695
2021-04-07,20.84,1242.38,0.0009601536983432867,0.0019497738155607386
2021-04-08,20.8,1234.89,-0.0019212301778938213,-0.006046997560521419
2021-04-09,20.89,1231.66,0.004317588861202224,-0.0026190442896513347
2021-04-12,21.58,1252.45,0.032496384261514175,0.01673878002285662
2021-04-13,21.12,1248.33,-0.02154650099192779,-0.0032949749498327498
2021-04-14,22.34,1255.87,0.0561583348029938,0.006021901433930527
2021-04-15,22.97,1247.25,0.02781022305995228,-0.0068874317454595685
2021-04-16,23.01,1238.71,0.0017398873462677515,-0.006870612233841957
2021-04-19,24.36,1260.58,0.057013538794421684,0.01750141698495558
2021-04-20,24.11,1268.28,-0.010315750648616551,0.006089719316996034
2021-04-22,23.18,1227.82,-0.03933685428147407,-0.03242141265059828
2021-04-23,23.77,1248.53,0.025134443460496904,0.01672662010708351
2021-04-26,23.22,1215.77,-0.023410305102357167,-0.026589238366593073
2021-04-27,23.73,1219.75,0.02172609417792687,0.0032682987967980587
2021-04-28,23.6,1229.55,-0.00549335841610773,0.008002329071202794
2021-04-29,24.49,1239.39,0.03701815893251187,0.007971074308104606
2021-05-04,25.21,1242.2,0.02897587023575216,0.002264678049948622
2021-05-05,25.0,1256.43,-0.00836491633162777,0.011390365000160831
2021-05-06,25.04,1250.57,0.0015987213636970735,-0.0046749187654212205
2021-05-07,25.63,1241.81,0.02328899414408206,-0.007029454635031611
2021-05-10,26.55,1259.58,0.0352662073119681,0.014208339319375284
2021-05-11,26.13,1256.04,-0.01594566815542673,-0.002814417389493224
2021-05-12,26.43,1269.09,0.011415649083676711,0.010336193530565278
2021-05-13,25.92,1261.99,-0.019484857132123803,-0.0056102680458635186
2021-05-14,25.88,1266.36,-0.0015444018513742473,0.003456803331504458
2021-05-17,26.09,1258.7,0.008081629515937215,-0.006067201173539801
2021-05-18,26.72,1252.68,0.023860249519807825,-0.004794186089251953
2021-05-19,27.86,1262.49,0.041779619683214655,0.007800705117858562
2021-05-20,28.07,1278.22,0.007509422022131568,0.01238252377130099
2021-05-21,27.65,1283.93,-0.015075662405447386,0.00445720153247006
2021-05-24,27.57,1297.98,-0.0028975029326383213,0.01088352319499557
2021-05-25,28.41,1308.58,0.03001297083039116,0.008133369984917645
2021-05-26,28.58,1316.7,0.00596597663562477,0.006186026552547518
2021-05-27,28.16,1303.57,-0.014804641211879594,-0.010021951857930596
2021-05-28,28.28,1320.46,0.004252309738530476,0.012873506217792338
2021-05-31,30.21,1328.05,0.06601815437020861,0.005731540207862935
2021-06-01,31.82,1337.78,0.05192202751106021,0.007299822724758502
2021-06-02,30.96,1340.78,-0.027398974188114388,0.0022400104940055398
2021-06-03,31.13,1364.28,0.005475935731990297,0.0173752827802289
2021-06-04,31.25,1374.05,0.0038473917288937517,0.007135766293067602
2021-06-07,30.21,1358.78,-0.033846380783829864,-0.011175344913568792
2021-06-08,28.67,1319.88,-0.052321715503302106,-0.02904641495148869
2021-06-09,28.84,1332.9,0.005912032521469772,0.009816196252946885
2021-06-10,29.58,1323.58,0.025335144865905403,-0.0070168329819055185
2021-06-11,30.44,1351.74,0.02865907571083152,0.021052464789039438
2021-06-14,30.73,1361.72,0.009481843148908153,0.007355955128511874
2021-06-15,30.5,1367.36,-0.007512692529027372,0.00413326691004188
2021-06-16,29.7,1356.52,-0.026579637804712012,-0.007959276639339931
2021-06-17,29.47,1359.92,-0.007774249059050555,0.002503277654194252
2021-06-18,29.87,1377.77,0.013481835478415088,0.013040375609170112
2021-06-21,29.35,1372.63,-0.017562085953912964,-0.0037376425129457087
2021-06-22,29.64,1379.97,0.009832254153780626,0.005333152217778487
2021-06-23,29.47,1376.87,-0.0057520036782828105,-0.00224895264621469
2021-06-24,29.01,1379.72,-0.015732198616290598,0.002067772875527583
2021-06-25,29.07,1390.12,0.0020661164374719087,0.007509494319858411
2021-06-28,30.04,1405.81,0.03282311232514936,0.011223574770211627
2021-06-29,29.7,1410.04,-0.011382781087280068,0.003004423660253513
2021-06-30,29.53,1408.55,-0.005740350052822596,-0.0010572663202488106
2021-07-01,30.27,1417.08,0.024750427277796014,0.0060376099572857864
2021-07-02,29.98,1420.27,-0.009626630359175575,0.0022485779647068308
2021-07-05,29.35,1411.13,-0.021237946400346142,-0.006456192518251778
2021-07-06,27.52,1354.79,-0.06437953320896257,-0.04074434109454123
2021-07-07,28.61,1388.55,0.038843293996876076,0.02461357642822559
2021-07-08,28.09,1374.68,-0.018342665945866622,-0.010039060438579567
2021-07-09,27.12,1347.14,-0.03514217804395738,-0.02023715006358353
2021-07-12,25.77,1296.3,-0.05106043840792124,-0.03846977407316964
2021-07-13,26.09,1297.54,0.012341074484363484,0.0009561114752351873
2021-07-14,25.8,1279.91,-0.011177607221065257,-0.013680401139609204
2021-07-15,26.66,1293.92,0.032789822822990755,0.010886607405888865
2021-07-16,26.8,1299.31,0.005237572766248343,0.004156983963496595
2021-07-19,25.4,1243.51,-0.05365271349232014,-0.04389532828243385
2021-07-20,27.12,1273.29,0.06552228904770394,0.023666075911242125
2021-07-21,26.8,1270.79,-0.011869575555383882,-0.001965347634277566
2021-07-22,27.06,1293.67,0.009654735225830893,0.017844386047438984
2021-07-23,26.26,1268.83,-0.030009753867991717,-0.019387924363520402
2021-07-26,26.14,1272.71,-0.004580160678574261,0.003053269288903338
2021-07-27,26.49,1276.93,0.013300595087902439,0.003310274276786539
2021-07-28,26.77,1277.07,0.010514554248282845,0.00010963194999216816
2021-07-29,27.0,1293.6,0.008555008472067954,0.012860637757757254
2021-07-30,27.12,1310.05,0.004434597067865775,0.012636275142854264
2021-08-02,27.09,1314.22,-0.0011068069751911064,0.0031780293260254906
2021-08-03,27.09,1332.44,0.0,0.01376851415183663
2021-08-04,27.23,1334.74,0.005154650588664422,0.0017246684289090458
2021-08-05,27.98,1345.55,0.02717066255166695,0.008066335070714891
2021-08-06,27.75,1341.45,-0.008254129044891652,-0.003051732922937382
2021-08-09,28.49,1359.86,0.026317308317373358,0.013630634794520714
2021-08-10,28.32,1362.43,-0.005984879684297892,0.0018881168159901901
2021-08-11,28.06,1357.79,-0.009223194151204143,-0.0034114920852970887
2021-08-12,27.75,1353.05,-0.011109234481871302,-0.003497074582537975
2021-08-13,27.89,1357.05,0.005032361446954017,0.0029519227368846376
2021-08-16,28.35,1370.96,0.016358828534363472,0.01019799821273346
2021-08-17,28.9,1363.09,0.019214564944625236,-0.005757043021619465
2021-08-18,28.9,1360.94,0.0,-0.0015785438827381133
2021-08-19,29.18,1374.85,0.009641947976253258,0.01016899679249847
2021-08-20,28.09,1329.43,-0.03806990197848726,-0.03359435531648876
2021-08-23,27.23,1298.86,-0.031094334430484084,-0.02326332227351314
2021-08-24,27.38,1298.74,0.005493513174634481,-9.23929781992953e-05
2021-08-25,27.75,1309.55,0.01342302033214077,0.00828900305870887
2021-08-26,27.35,1301.12,-0.014519311324453268,-0.006458134731315275
2021-08-27,27.29,1313.2,-0.002196194147743185,0.009241474627510562
2021-08-30,27.92,1328.14,0.022822943173924744,0.011312560539213073
2021-08-31,28.26,1331.47,0.01210409936220969,0.0025041278534121978
2021-09-01,28.21,1334.65,-0.0017708522424765363,0.0023854901564814355
2021-09-06,29.35,1346.39,0.0396160212602006,0.008757851459160427
2021-09-07,29.07,1341.9,-0.009585831703320885,-0.0033404165287926487
2021-09-08,29.41,1333.61,0.011628037995118993,-0.006196969198141664
2021-09-09,29.76,1343.98,0.011830457398987538,0.007745810111220997
2021-09-10,29.53,1345.31,-0.007758514209059781,0.0009891087301349152
2021-09-13,29.12,1341.43,-0.013981472427346044,-0.002888260640971675
2021-09-14,28.84,1339.7,-0.009661910911736972,-0.0012905008262143558
2021-09-15,29.58,1345.83,0.025335144865905403,0.00456521479660917
2021-09-16,29.41,1345.87,-0.005763704716750018,2.972099416933294e-05
2021-09-17,29.7,1352.64,0.009812293242750273,0.005017594304706593
2021-09-20,29.41,1350.48,-0.009812293242750264,-0.0015981535852918698
2021-09-21,29.12,1339.84,-0.009909529237418438,-0.007909880962354851
2021-09-22,29.18,1350.68,0.00205831976615436,0.008057965489273237
2021-09-23,29.24,1352.76,0.002054091786938048,0.0015387805243884875
2021-09-24,29.12,1351.17,-0.004112411553092436,-0.0011760660840071783
2021-09-27,29.12,1324.99,0.0,-0.019565971538401807
2021-09-28,30.16,1339.31,0.03509131981126998,0.010749643730193421
2021-09-29,30.56,1339.21,0.013175421158564328,-7.466810032881046e-05
2021-09-30,30.33,1342.06,-0.0075546425978299725,0.002125859069267943
2021-10-01,30.62,1334.89,0.009516068529048002,-0.005356855485378745
2021-10-04,31.82,1339.54,0.038441632680103074,0.0034773799917854945
2021-10-05,31.7,1354.63,-0.003778342026405895,0.011202082867187784
2021-10-06,32.16,1362.82,0.014406763427530514,0.006027728052109377
2021-10-07,31.88,1365.99,-0.008744590388751262,0.0023233581128549456
2021-10-08,31.93,1372.73,0.001567152804676468,0.004922017297915766
2021-10-11,32.79,1394.09,0.026577584129866147,0.015440414889097849
2021-10-12,32.68,1394.8,-0.0033603208647546923,0.000509163154759685
2021-10-13,32.56,1391.91,-0.0036787288574625454,-0.0020741311697805445
2021-10-14,32.56,1391.85,0.0,-4.3107164417575826e-05
2021-10-15,32.85,1392.7,0.008867203796279994,0.0006105115917483568
2021-10-18,33.2,1395.53,0.010598130991823284,0.0020299623573445235
2021-10-19,32.79,1395.33,-0.012426285065886108,-0.0001433249968413676
2021-10-20,32.62,1393.8,-0.0051979936636891155,-0.0010971164151310055
2021-10-21,32.79,1384.77,0.005197993663689129,-0.0064997691552448325
2021-10-22,32.51,1389.24,-0.008575856540742896,0.0032227741564639233
2021-10-25,31.59,1385.4,-0.02870711950182014,-0.002767928417132625
2021-10-26,32.28,1391.63,0.021607228587754268,0.004486815375855872
2021-10-27,33.2,1423.02,0.028102032520694865,0.022305651840497473
2021-10-28,33.25,1438.01,0.0015048911794203067,0.01047883955487496
2021-10-29,32.74,1444.27,-0.015457195158874186,0.0043437902237612736
2021-11-01,31.93,1438.97,-0.025051565216298217,-0.003676423724425009
2021-11-02,31.82,1452.46,-0.0034509838170498665,0.009331090761465474
2021-11-03,31.88,1444.3,0.0018838310123735441,-0.005633895513413733
2021-11-04,32.28,1448.34,0.012468989479733749,0.0027932979056126536
2021-11-05,32.45,1456.51,0.00525259974835096,0.005625090137302231
2021-11-08,32.56,1467.57,0.003384097984240494,0.007564808584956256
2021-11-09,32.39,1461.5,-0.005234807951101641,-0.004144666183691619
2021-11-10,31.7,1465.02,-0.02153305230000305,0.0024055886838140585
2021-11-11,30.96,1462.35,-0.023620632161708507,-0.001824163491724631
2021-11-12,31.3,1473.37,0.010922048824581112,0.007507563228398791
2021-11-15,30.73,1476.57,-0.01837872140371425,0.0021695365025526966
2021-11-16,29.81,1466.45,-0.03039546845241331,-0.006877316421574369
2021-11-17,29.47,1475.85,-0.011471110940376667,0.006389580927116817
2021-11-18,28.64,1469.83,-0.028568454657158456,-0.004087347153149768
2021-11-19,27.52,1452.35,-0.03989132902730197,-0.011963813657157032
2021-11-22,27.89,1447.25,0.013355188574254724,-0.003517730210463336
2021-11-23,28.41,1463.63,0.018472994226698902,0.011254447379531208
2021-11-24,27.89,1488.87,-0.018472994226698954,0.017097791616498756
2021-11-25,28.24,1500.81,0.012471210985643612,0.007987519387624206
2021-11-26,28.12,1493.03,-0.00425834568257708,-0.005197350234523864
2021-11-29,27.75,1484.84,-0.01324522675002068,-0.00550058978400178
2021-11-30,28.06,1478.44,0.01110923448187125,-0.004319544525780893
2021-12-01,28.09,1485.19,0.0010685664418374349,0.004555232381876962
2021-12-02,27.86,1482.05,-0.008221672764492628,-0.0021164457017933446
2021-12-03,27.35,1443.32,-0.01847543948366937,-0.026480249068077378
2021-12-06,26.23,1413.58,-0.041812734989207886,-0.02082052177897949
2021-12-07,27.29,1446.77,0.039616540841464785,0.023207991815382346
2021-12-08,27.06,1452.87,-0.008463711977605174,0.004207425058786779
2021-12-09,27.0,1467.98,-0.002219756738312888,0.010346395597794697
2021-12-10,26.66,1463.54,-0.01267255125376647,-0.00302914760603479
2021-12-13,26.69,1476.21,0.001124648665870261,0.00861983396543439
2021-12-14,27.35,1476.02,0.024427565451557425,-0.00012871625873484796
2021-12-15,27.4,1475.5,0.0018264845260342812,-0.0003523608211227592
2021-12-16,27.23,1476.61,-0.006223706708356298,0.0007520045339161933
2021-12-17,26.77,1479.79,-0.017037449153407113,0.0021512658817517995
2021-12-20,26.89,1477.33,0.004472612748512143,-0.001663781359886957
2021-12-21,26.43,1478.74,-0.017254741664575465,0.0009539693626551128
2021-12-22,25.86,1477.67,-0.021802355272486383,-0.0007238509183229988
2021-12-23,25.77,1456.96,-0.0034863486794377745,-0.014114449736689674
2021-12-24,26.4,1477.03,0.02415298548799665,0.013681241620800309
2021-12-27,26.32,1488.88,-0.003034903695153936,0.007990844668490668
2021-12-28,26.26,1494.39,-0.0022822375824662756,0.0036939373676584085
2021-12-29,26.26,1485.82,0.0,-0.00575128841437707
2021-12-30,26.2,1485.97,-0.0022874581075990807,0.00010094925962290744
2021-12-31,26.6,1498.28,0.015151805020602246,0.008250025849804455
2022-01-04,26.8,1525.58,0.007490671729157659,0.01805688210563608
2022-01-05,26.83,1522.5,0.0011187769207216631,-0.002020945020001246
2022-01-06,26.43,1528.57,-0.01502093582133487,0.003978937230756187
2022-01-07,26.26,1528.48,-0.006452859741547638,-5.8880293109985866e-05
2022-01-10,26.17,1503.71,-0.003433152332595599,-0.016338389752851356
2022-01-11,25.86,1492.31,-0.011916343198343159,-0.007610132788407247
2022-01-12,26.49,1510.51,0.024069929940266813,0.012122087148768767
2022-01-13,26.77,1496.05,0.010514554248282845,-0.009619040693410703
2022-01-14,26.52,1496.02,-0.009382692214599399,-2.0053006781900744e-05
2022-01-17,25.63,1452.84,-0.034135624941682007,-0.029287986921366537
2022-01-18,25.23,1438.94,-0.015729777723013295,-0.009613530111527605
2022-01-19,24.94,1442.79,-0.011560822401075971,0.002672007641680008
2022-01-20,25.23,1465.3,0.011560822401076006,0.015481260606177894
2022-01-21,24.82,1472.89,-0.016383982876505266,0.005166457501292725
2022-01-24,23.33,1439.71,-0.06190969374312269,-0.022784752745580013
2022-01-25,24.8,1479.58,0.06110356713759804,0.027316559300447196
2022-01-26,24.91,1481.58,0.0044256761031525255,0.0013508221805779135
2022-01-27,24.17,1470.76,-0.030157134558697396,-0.007329811907184457
2022-01-28,24.19,1478.96,0.0008271299065441151,0.005559864070657273
2022-02-07,24.68,1497.66,0.020053874415251114,0.01256475197915702
2022-02-08,26.11,1500.99,0.05632518367385035,0.0022210003627390036
2022-02-09,27.12,1505.38,0.03795308036115746,0.002920467620579081
2022-02-10,26.95,1506.79,-0.006288165717188678,0.0009362022083651874
2022-02-11,27.03,1501.71,0.0029640629333501727,-0.0033771014313026125
2022-02-14,26.49,1471.96,-0.020180057004378023,-0.020009612777166987
2022-02-15,26.37,1492.75,-0.004540302918782875,0.014025210420541162
2022-02-16,26.37,1492.1,0.0,-0.00043553278072591515
2022-02-17,26.66,1507.99,0.010937314385367257,0.010593114599803607
2022-02-18,26.97,1504.84,0.011560822401076006,-0.002091058007114573
2022-02-21,26.75,1510.84,-0.008190663809622993,0.003979207287937289
2022-02-22,26.6,1503.47,-0.00562325755436212,-0.0048900177394596575
2022-02-23,26.77,1512.3,0.006370641744607785,0.0058559009691523944
2022-02-24,26.37,1494.85,-0.015054857167065757,-0.01160580341390612
2022-02-25,26.32,1498.89,-0.0018978939080788475,0.002698966812363049
2022-02-28,27.06,1490.13,0.027727516285525416,-0.0058614696994127476
2022-03-01,26.89,1498.78,-0.006302152461868628,0.005788079366220902
2022-03-02,26.89,1485.52,0.0,-0.008886564529619879
2022-03-03,28.72,1505.0,0.06583927389924997,0.013028018890635918
2022-03-04,28.55,1505.33,-0.00593680807800412,0.00021924506703381732
2022-03-07,29.3,1499.05,0.02593057992100242,-0.004180569133316584
2022-03-08,28.35,1473.71,-0.03296048584926047,-0.01704854327891588
2022-03-09,28.58,1473.74,0.008080142327960192,2.035657941670496e-05
2022-03-10,28.18,1479.08,-0.014094666031187152,0.0036168854325197134
2022-03-11,27.29,1466.54,-0.03209217175028712,-0.008514387977388268
2022-03-14,26.26,1446.25,-0.03847346584559684,-0.013931885364439272
2022-03-15,26.46,1452.74,0.007587289812159385,0.004477428926820768
2022-03-16,26.49,1459.33,0.0011331445971686754,0.004525997829369945
2022-03-17,26.34,1461.34,-0.005678606968843344,0.0013763967290542209
2022-03-18,26.66,1469.1,0.012075618435427543,0.005296145383250093
2022-03-21,26.86,1494.95,0.007473876344528847,0.01744279307306166
2022-03-22,26.89,1503.78,0.0011162791856819218,0.005889176765132832
2022-03-23,26.83,1502.34,-0.0022338058432406216,-0.0009580456602811503
2022-03-24,26.6,1498.26,-0.008609448649879246,-0.002719457784744908
2022-03-25,26.6,1498.5,0.0,0.00016017298716817905
2022-03-28,26.32,1483.18,-0.010582109330536972,-0.010276176394186435
2022-03-29,26.29,1497.76,-0.0011404677153266406,0.009782227260903045
2022-03-30,26.09,1490.51,-0.0076365395931526974,-0.004852315369814052
2022-03-31,25.86,1492.15,-0.00885472580492566,0.0010996896496908279
2022-04-01,26.2,1516.44,0.013062037423339662,0.016147449655278288
2022-04-04,26.29,1524.7,0.003429227974738607,0.005432186819271748
2022-04-05,26.43,1520.03,0.005311089874407932,-0.003067597890203018
2022-04-06,27.09,1522.9,0.024664927480805857,0.0018863403699867333
2022-04-07,26.69,1502.35,-0.014875692680570946,-0.013585863042638148
2022-04-08,26.6,1482.0,-0.003377747628779326,-0.013638021958974894
2022-04-12,25.86,1455.25,-0.028213842443942042,-0.018214819704187323
2022-04-13,25.91,1477.2,0.0019316212303071116,0.014970696826563212
2022-04-14,25.74,1472.12,-0.006582792406038025,-0.003444865273172693
2022-04-15,25.34,1458.56,-0.015662027274987566,-0.009253891087970787
2022-04-18,24.45,1432.6,-0.03575395897211201,-0.017958672436913976
2022-04-19,24.82,1406.45,0.01501956385558018,-0.018422176118019756
2022-04-20,24.77,1384.72,-0.0020165362751929693,-0.015570845944187717
2022-04-21,24.85,1370.21,0.003224509041369595,-0.010533940371334732
2022-04-22,25.11,1379.23,0.010408420626855803,0.006561359666193561
2022-04-25,23.36,1310.92,-0.07224101520946738,-0.05079619163174629
2022-04-26,23.62,1341.34,0.011068652809190064,0.02293993349678462
2022-04-27,24.37,1353.77,0.031259056867898524,0.009224178704575299
2022-04-28,24.71,1350.99,0.013855152363403803,-0.002055635974311758
2022-04-29,24.82,1366.8,0.004441759775942446,0.011634584232832609
2022-05-04,24.08,1348.68,-0.030268159335840986,-0.013345904922960653
2022-05-05,24.11,1360.68,0.0012450717524593318,0.0088582384535726
2022-05-06,23.96,1329.26,-0.006240918945831027,-0.023362178376290985
2022-05-09,22.9,1269.62,-0.045248862687054685,-0.045904753314267
2022-05-10,23.56,1293.56,0.028413448223192035,0.018680464244135074
2022-05-11,23.31,1301.53,-0.010667905735720153,0.006142388170185644
2022-05-12,21.93,1238.84,-0.061026890617868854,-0.04936503760551491
2022-05-13,20.58,1182.77,-0.06353583202389339,-0.04631631277746721
2022-05-16,20.81,1171.95,0.011113909999639442,-0.009190117001666385
2022-05-17,21.9,1228.37,0.05105299641691204,0.04701905914520819
2022-05-18,21.9,1240.76,0.0,0.010036007820346209
2022-05-19,21.73,1241.64,-0.007792842554116815,0.0007089913284422383
2022-05-20,21.59,1240.71,-0.006463549741622278,-0.0007492900223669509
2022-05-23,21.07,1218.81,-0.024380016710618263,-0.017808823512999575
2022-05-24,20.01,1233.38,-0.051618079220455505,0.011883395216718025
2022-05-25,19.75,1268.43,-0.013078657248511249,0.02802154714312455
2022-05-26,20.07,1268.57,0.016072671461115896,0.00011036657480653936
2022-05-27,20.32,1285.45,0.012379459902034356,0.013218569773906575
2022-05-30,20.32,1293.92,0.0,0.006567518769463327
2022-05-31,19.89,1292.68,-0.021388529844400272,-0.0009587876710674896
2022-06-01,19.69,1299.52,-0.010106200214846622,0.00527738282148846
2022-06-02,19.01,1288.62,-0.035145736150696355,-0.008423087193674749
2022-06-03,19.15,1287.98,0.007337559126316948,-0.000496778710829766
2022-06-06,19.09,1290.01,-0.0031380778889986767,0.001574870670227644
2022-06-07,19.03,1291.35,-0.0031479564295980606,0.0010382125084169905
2022-06-08,18.86,1307.91,-0.00897340410274681,0.012742260538287743
2022-06-09,19.38,1307.8,0.027198329257308713,-8.410718318539525e-05
2022-06-10,19.26,1284.08,-0.006211200092640524,-0.018303827522213285
2022-06-13,18.23,1227.04,-0.05496181767940793,-0.04543774358841319
2022-06-14,17.37,1230.31,-0.04832400843755811,0.0026614051153790834
2022-06-15,16.86,1213.93,-0.029800627679304314,-0.013403139800951928
2022-06-16,17.77,1236.63,0.052567689592850665,0.018526907567149725
2022-06-17,17.58,1217.3,-0.010749749909529108,-0.015754646482575328
2022-06-20,16.36,1180.4,-0.07192256108242989,-0.030781927346766217
2022-06-21,15.76,1172.47,-0.037364246744867935,-0.006740729429630908
2022-06-22,16.29,1169.27,0.03307633818422064,-0.002733012197620607
2022-06-23,16.51,1188.88,0.013414835318083065,0.01663206500878098
2022-06-24,16.51,1185.48,0.0,-0.002863931605931165
2022-06-27,17.35,1202.82,0.049626248460831524,0.014521044000056932
2022-06-28,17.04,1218.1,-0.01802898499169862,0.012623467861473297
2022-06-29,17.23,1218.09,0.011088529138668547,-8.209540306808992e-06
2022-06-30,16.89,1197.6,-0.01993031972012957,-0.016964504060187763
2022-07-01,16.97,1198.9,0.004725348426426074,0.001084915608189449
2022-07-04,16.67,1195.53,-0.017836382483432105,-0.0028148680271945464
2022-07-05,16.59,1181.29,-0.004810592560349661,-0.011982540017917839
2022-07-06,16.25,1149.61,-0.02070719542660662,-0.027184307263712893
2022-07-07,16.48,1166.48,0.014054615705579178,0.014567912603247133
2022-07-08,17.01,1171.31,0.03165388192644482,0.004132113553765687
2022-07-11,16.7,1155.29,-0.018392686985061062,-0.013771385870692503
2022-07-12,16.89,1174.82,0.01131301139699925,0.016763549662779775
2022-07-13,16.89,1173.92,0.0,-0.0007663683881987094
2022-07-14,16.82,1182.17,-0.004153076274906701,0.007003156685748266
2022-07-15,17.58,1179.25,0.04419323771222893,-0.002473089487061454
2022-07-18,17.12,1176.49,-0.02651452154343469,-0.0023432138205826303
2022-07-19,16.78,1178.33,-0.020059669674535884,0.0015627524604597428
2022-07-20,16.93,1194.14,0.008899495105983767,0.013328079206034973
2022-07-21,17.2,1198.47,0.01582218767436345,0.003619482261756551
2022-07-22,16.82,1194.76,-0.022340729274605266,-0.0031004148969271863
2022-07-25,16.59,1188.5,-0.013768550342448897,-0.005253320574863907
2022-07-26,16.4,1185.07,-0.0115187693722005,-0.0028901632457252213
2022-07-27,16.1,1191.04,-0.018462062839735217,0.005025030459307807
2022-07-28,16.21,1208.12,0.0068090637571674465,0.014238557295605971
2022-07-29,16.29,1206.33,0.0049230868663688344,-0.0014827396118746333
2022-08-01,17.27,1231.35,0.058419469544633534,0.02052843576482227
2022-08-02,17.35,1241.62,0.004621614234281025,0.008305850084255788
2022-08-03,17.99,1249.76,0.0362235415695733,0.006534554315346625
2022-08-04,17.92,1254.15,-0.003898640415657086,0.003506519402189432
2022-08-05,17.65,1252.74,-0.015181624167478766,-0.0011248998948375191
2022-08-08,17.88,1256.75,0.012946986366062296,0.00319587120334541
2022-08-09,18.26,1258.85,0.021030105421454424,0.0016695821973392077
2022-08-10,18.03,1256.5,-0.012675837951596563,-0.0018685277863769749
2022-08-11,17.73,1252.07,-0.016778917129109366,-0.0035318963434082095
2022-08-12,18.14,1262.33,0.022861324600873957,0.008161037977338002
2022-08-15,18.18,1274.2,0.0022026440623420965,0.009359311064811427
2022-08-16,18.6,1274.69,0.02283949196982295,0.0003844810925824173
2022-08-17,18.41,1275.28,-0.01026758547416911,0.00046275055042091425
2022-08-18,18.29,1273.66,-0.006539532842212248,-0.0012711167921759861
2022-08-19,17.99,1269.18,-0.016538414440332643,-0.003523622906101206
2022-08-22,17.69,1260.43,-0.016816539790747653,-0.006918090059627331
2022-08-23,17.92,1270.81,0.012917899375090459,0.008201559855774084
2022-08-24,17.8,1277.16,-0.006718950248744981,0.004984370417692645
2022-08-25,18.07,1288.88,0.015054647306097686,0.009134761341778054
2022-08-26,17.8,1282.57,-0.015054647306097627,-0.0049077467306034624
2022-08-29,17.42,1270.8,-0.02157948587368262,-0.009219254056766664
2022-08-30,17.46,1279.39,0.0022935789870993646,0.006736778426303008
2022-08-31,17.42,1280.51,-0.002293578987099401,0.0008750342368560145
2022-09-05,18.11,1277.35,0.03884530047096523,-0.0024708167043018996
2022-09-06,17.84,1277.4,-0.015021144743458633,3.9142773270620406e-05
2022-09-07,17.42,1243.17,-0.023824155727506482,-0.027162193079400977
2022-09-08,17.5,1234.6,0.004581909505111544,-0.0069175380882924966
2022-09-09,18.03,1248.78,0.029836156285757497,0.011420043738419698
2022-09-12,18.03,1249.62,0.0,0.0006724303807647321
2022-09-13,17.95,1248.4,-0.00444692228093813,-0.0009767736823553257
2022-09-14,17.95,1240.77,0.0,-0.006130576776296617
2022-09-15,17.88,1245.66,-0.003907345188919782,0.003933355296185023
2022-09-16,17.42,1234.03,-0.026063798321011175,-0.009380273563547526
2022-09-19,17.16,1205.43,-0.015037877364540559,-0.023448886609740694
2022-09-20,17.42,1218.93,0.015037877364540502,0.011137074971089553
2022-09-21,17.35,1210.55,-0.004026465031488516,-0.0068986229434729865
2022-09-22,17.42,1214.7,0.0040264650314886085,0.003422330935383977
2022-09-23,17.2,1203.28,-0.012709587604949467,-0.00944597135926737
2022-09-26,16.97,1174.35,-0.013462304573272412,-0.02433635832492504
2022-09-27,16.97,1166.54,0.0,-0.006672700535513118
2022-09-28,16.51,1143.62,-0.027480821314098198,-0.019843432558898477
2022-09-29,16.4,1126.07,-0.006684923101884096,-0.015464975197571356
2022-09-30,16.06,1132.11,-0.020949626311537142,0.005349453456950302
2022-10-03,14.96,1086.44,-0.07095173597228424,-0.041176852209113934
2022-10-04,14.28,1078.14,-0.04652001563489293,-0.007668961811468859
2022-10-05,14.55,1104.26,0.018731036706063346,0.02393809318952159
2022-10-06,13.64,1074.52,-0.06458434120218548,-0.027301377138083935
2022-10-07,13.33,1035.91,-0.022989518224698833,-0.03659378275894115
2022-10-10,13.9,1042.48,0.04187170594602888,0.006322222377736505
2022-10-11,13.26,1006.2,-0.04713685537892972,-0.035421630779432306
2022-10-12,14.17,1034.81,0.06637506894487259,0.02803697591109357
2022-10-13,14.77,1050.99,0.041471042840699364,0.015514742115514745
2022-10-14,14.73,1061.85,-0.002711866068749511,0.01028009280448136
2022-10-17,14.58,1051.58,-0.010235503894026863,-0.00971887485170393
2022-10-18,14.28,1063.66,-0.02079076966907378,0.011421995926185296
2022-10-19,13.94,1060.07,-0.02409755157906053,-0.0033808473012228116
2022-10-20,13.71,1058.45,-0.016636911758154672,-0.0015293698579774198
2022-10-21,12.8,1019.82,-0.0686803226486515,-0.03717943268627399
2022-10-24,12.42,986.15,-0.030137094420238868,-0.033572947267802744
2022-10-25,12.95,997.7,0.04178771164021402,0.011644157069949188
2022-10-26,12.8,993.36,-0.011650617219975139,-0.004359493810874788
2022-10-27,13.18,1028.01,0.02925535814878955,0.034287037485669906
2022-10-28,12.73,1027.36,-0.03473911650504597,-0.000632489548518375
2022-10-31,11.86,1027.94,-0.07079001899973589,0.0005643945072703197
2022-11-01,11.36,1033.75,-0.04307298027657414,0.005636167784892596
2022-11-02,11.63,1023.19,0.023489553237567923,-0.010267769381386392
2022-11-03,11.51,1019.81,-0.010371743796781824,-0.0033088625392532125
2022-11-04,11.1,997.15,-0.03627111441550283,-0.022470404418030936
2022-11-07,10.38,975.19,-0.06706423058054575,-0.022268886191553337
2022-11-08,9.96,981.65,-0.04130380614123575,0.006602505537080759
2022-11-09,9.85,985.59,-0.01110561641250949,0.004005617279129104
2022-11-10,9.17,947.24,-0.07153416891562399,-0.03968795365606615
2022-11-11,9.32,954.53,0.016225342429126346,0.007666579772165383
2022-11-14,9.24,941.04,-0.008620743043907088,-0.014233426087800673
2022-11-15,9.47,911.9,0.024587021544394155,-0.03145531171256605
2022-11-16,10.11,942.9,0.06539612583439298,0.03342989753201175
2022-11-17,10.8,969.26,0.06602110109779398,0.02757266128179439
2022-11-18,11.44,969.33,0.057569851821477704,7.221743641557603e-05
2022-11-21,11.33,960.65,-0.009661910911736859,-0.008994972512131267
2022-11-22,11.21,952.12,-0.010647837955846388,-0.008919061409863668
2022-11-23,10.45,946.0,-0.0702042586732487,-0.006448508215968447
2022-11-24,10.87,947.71,0.03940472272229801,0.001805979231004184
2022-11-25,11.59,971.46,0.0641359562185424,0.02475154624383381
2022-11-28,12.39,1005.69,0.0667470382893907,0.034629057551224966
2022-11-29,13.18,1032.16,0.06181083343331008,0.0259798207059905
2022-11-30,13.94,1048.42,0.056061876258016605,0.01563057517164887
2022-12-01,13.79,1036.28,-0.010818713527167364,-0.011646891382312074
2022-12-02,14.73,1080.01,0.06594253866932862,0.041332922761389425
2022-12-05,15.15,1093.67,0.028114301480839255,0.012568712804954318
2022-12-06,14.09,1048.69,-0.07253520604478933,-0.041997246960240917
2022-12-07,13.83,1041.02,-0.018625180233922047,-0.007340764453086847
2022-12-08,14.32,1050.53,0.034817015855832675,0.009093796980608443
2022-12-09,14.55,1051.81,0.015933832085001886,0.001217690914088294
2022-12-12,14.09,1032.07,-0.03212566770691278,-0.018945995422422594
2022-12-13,14.39,1047.45,0.02106819498868765,0.014792144761595362
2022-12-14,14.55,1050.43,0.011057472718224997,0.002840965168950333
2022-12-15,14.66,1055.32,0.007531702841003887,0.004644434325143632
2022-12-16,15.45,1052.48,0.05248630688524904,-0.0026947544535557227
2022-12-19,15.15,1038.4,-0.019608471388376198,-0.01346821705086648
2022-12-20,14.39,1023.13,-0.05146701105610171,-0.014814510847974202
2022-12-21,14.32,1018.88,-0.004876359366776929,-0.004162571325942675
2022-12-22,14.32,1022.61,0.0,0.0036541978168953783
2022-12-23,13.9,1020.34,-0.029768321395853524,-0.002222277524366957
2022-12-26,12.95,985.21,-0.07079305199109946,-0.03503636765026258
2022-12-27,13.83,1004.57,0.0657443575311202,0.019460051819979257
2022-12-28,13.79,1015.66,-0.002896453871456495,0.010979058224624819
2022-12-29,13.64,1009.29,-0.010937039389894276,-0.0062915341239784955
2022-12-30,13.64,1007.09,0.0,-0.002182129234545081
2023-01-03,14.58,1043.9,0.066644074165196,0.03589871530999789
2023-01-04,14.7,1046.35,0.00819676720417849,0.0023442182724255915
2023-01-05,15.0,1055.82,0.02020270731751947,0.009009798505046535
2023-01-06,14.7,1051.44,-0.020202707317519466,-0.004157063017972281
2023-01-09,14.85,1054.21,0.010152371464018128,0.002631018068422908
2023-01-10,15.0,1053.35,0.010050335853501506,-0.0008161096696963657
2023-01-11,15.3,1055.76,0.01980262729617973,0.002285325136094723
2023-01-12,15.19,1056.39,-0.007215511790708377,0.000596548558277754
2023-01-13,15.11,1060.17,-0.005280540323033264,0.003571837338677847
2023-01-16,15.34,1066.68,0.015107019654461915,0.006121748436054156
2023-01-17,16.4,1088.29,0.06681753889104251,0.020056635975378816
2023-01-18,16.44,1098.28,0.0024360547978813426,0.00913766265068557
2023-01-19,16.02,1108.08,-0.025879447987820835,0.008883468199194876
2023-01-27,16.29,1117.1,0.016713480973740532,0.008107253709959392
2023-01-30,16.48,1102.57,0.011596101867371958,-0.013092223207845245
2023-01-31,16.74,1111.18,0.01565354058000356,0.007778695349085448
2023-02-01,15.98,1075.97,-0.04646312472320048,-0.03219993342588876
2023-02-02,16.14,1077.59,0.009962722503674068,0.0015044858797242163
2023-02-03,15.98,1077.15,-0.009962722503674125,-0.0004084019474419579
2023-02-06,16.02,1089.29,0.0025000013020844273,0.011207443614352311
2023-02-07,14.96,1065.84,-0.06845796909388191,-0.02176288718683224
2023-02-08,15.79,1072.22,0.05399685572121948,0.0059680448038480225
2023-02-09,15.61,1064.03,-0.011465093740210038,-0.007667679462978293
2023-02-10,15.53,1055.3,-0.005138097366745041,-0.008238499315781725
2023-02-13,15.3,1043.7,-0.014920808762205844,-0.011052994851038405
2023-02-14,15.61,1038.64,0.020058906128950844,-0.004859926774007952
2023-02-15,15.76,1048.2,0.00956334990239243,0.009162242316067855
2023-02-16,16.14,1058.29,0.023825578412069823,0.00957999057046206
2023-02-17,15.91,1059.31,-0.014352820492107267,0.0009633548157200339
2023-02-20,16.59,1086.69,0.04185226185265758,0.02551862610050503
2023-02-21,16.36,1082.23,-0.013960773027752147,-0.004112651721900918
2023-02-22,16.06,1054.28,-0.01850762265598544,-0.026165657662536517
2023-02-23,16.29,1053.66,0.014219714095338204,-0.0005882520544974433
2023-02-24,15.76,1039.56,-0.03307633818422061,-0.013472270725769167
2023-02-27,15.23,1021.25,-0.03420791752266257,-0.0177701795158365
2023-02-28,15.15,1024.68,-0.005266634951692346,0.003353001533302572
2023-03-01,15.83,1040.55,0.0439063419375426,0.01536905079190489
2023-03-02,15.61,1037.61,-0.013995139365580073,-0.0028294279183384004
2023-03-03,15.42,1024.77,-0.012246366392157235,-0.012451794431732966
2023-03-06,15.45,1027.18,0.0019436352085710307,0.0023489861918128785
2023-03-07,15.98,1037.84,0.033728936994374285,0.010324446921595315
2023-03-08,16.06,1049.18,0.004993768180486974,0.010867276405691888
2023-03-09,16.06,1055.95,0.0,0.006431928991934555
2023-03-10,16.14,1053.0,0.004968954323187144,-0.002797602526407907
2023-03-13,15.98,1052.8,-0.009962722503674125,-0.00018995156292279532
2023-03-14,15.38,1040.13,-0.038269976260630674,-0.012107576247483298
2023-03-15,16.14,1062.19,0.04823269876430487,0.02098710919751753
2023-03-16,15.79,1047.4,-0.02192383457425207,-0.014021911675699595
2023-03-17,15.45,1045.14,-0.021767824923796288,-0.0021600551279619567
2023-03-20,15.15,1023.1,-0.019608471388376198,-0.021313613832531133
2023-03-21,15.49,1032.43,0.022194122473399205,0.009078013041829956
2023-03-22,15.38,1040.54,-0.007126690351279342,0.007824562224272406
2023-03-23,15.45,1045.1,0.004541039266256421,0.004372765449461202
2023-03-24,15.45,1046.79,0.0,0.001615764086708806
2023-03-27,15.76,1052.25,0.01986608108597869,0.005202389963513292
2023-03-28,15.68,1054.29,-0.005089069507471293,0.001936825920913069
2023-03-29,15.76,1056.33,0.005089069507471228,0.0019330818766589168
2023-03-30,15.76,1059.44,0.0,0.0029398301704571866
2023-03-31,15.76,1064.64,0.0,0.004896247211403106
2023-04-03,15.91,1079.28,0.009472757919962447,0.013657438300449659
2023-04-04,15.98,1078.45,0.0043900979884331824,-0.0007693270621785244
2023-04-05,16.29,1080.86,0.019213482275825113,0.0022321954704894987
2023-04-06,16.29,1070.91,0.0,-0.009248266235591083
2023-04-07,16.06,1069.71,-0.014219714095338223,-0.0011211706194489473
2023-04-10,15.68,1065.35,-0.023945693596353807,-0.004084200032457309
2023-04-11,15.76,1069.46,0.005089069507471228,0.003850464517151671
2023-04-12,15.72,1069.45,-0.0025412974286725325,-9.350557059487238e-06
2023-04-13,15.49,1064.3,-0.014739132572283258,-0.004827191564468868
2023-04-14,15.64,1052.89,0.009637080688387673,-0.010778541807504689
2023-04-17,15.79,1053.81,0.009545093150385561,0.0008734039573586909
2023-04-18,15.87,1055.02,0.005053706270766938,0.001147555879597569
2023-04-19,15.76,1048.98,-0.00695545010858463,-0.00574146063883771
2023-04-20,15.76,1049.25,0.0,0.0002573597760875899
2023-04-21,15.68,1042.91,-0.005089069507471293,-0.006060740485461903
2023-04-24,15.64,1041.36,-0.0025542798050967423,-0.001487331570033521
2023-04-25,15.95,1034.85,0.019627094113688372,-0.006271062497977504
2023-04-26,16.67,1040.8,0.04415186753184924,0.005733159538068141
2023-04-27,16.44,1039.63,-0.013893307134668844,-0.0011247675945330968
2023-04-28,16.4,1049.12,-0.0024360547978813383,0.00908683691154691
2023-05-04,16.14,1040.61,-0.0159806719883499,-0.008144637864803739
2023-05-05,16.25,1040.31,0.006792245933943646,-0.00028833400811020045
2023-05-08,16.36,1053.44,0.006746422398854375,0.012542253966200321
2023-05-09,16.51,1053.77,0.009126926757435838,0.00031321036128121715
2023-05-10,16.44,1058.26,-0.004248868304002836,0.004251839949467112
2023-05-11,16.48,1057.12,0.002430134853291669,-0.0010778206377684973
2023-05-12,16.93,1066.9,0.02693967166371816,0.009209017915840176
2023-05-15,16.74,1065.71,-0.011286131083714717,-0.0011160035107295782
2023-05-16,16.67,1065.91,-0.004190368298626463,0.00018765070752479776
2023-05-17,16.51,1060.44,-0.009644438830665958,-0.005144978076297401
2023-05-18,16.63,1068.31,0.0072420352727995355,0.0073940442565969475
2023-05-19,16.51,1067.07,-0.007242035272799471,-0.0011613859260438623
2023-05-22,16.59,1070.64,0.00483384627031632,0.003340025839652718
2023-05-23,16.44,1065.85,-0.009082714574319138,-0.004483997608915694
2023-05-24,16.14,1061.79,-0.01841672678623115,-0.0038164397434675306
2023-05-25,16.06,1064.63,-0.00496895432318729,0.0026711578038549045
2023-05-26,15.98,1063.76,-0.0049937681804869145,-0.0008175193911403609
2023-05-29,16.25,1074.98,0.01675496843761775,0.010492255189081413
2023-05-30,16.17,1078.05,-0.004935235186730899,0.002851796845029464
2023-05-31,16.06,1075.17,-0.006825965070400094,-0.002675064988652462
2023-06-01,16.21,1078.39,0.009296627228969156,0.002990399524106781
2023-06-02,16.36,1090.84,0.009210995427016151,0.01147885351477768
2023-06-05,16.4,1097.82,0.0024420036555515873,0.0063783535717364375
2023-06-06,16.48,1108.31,0.004866189651172906,0.009509937364126494
2023-06-07,17.12,1109.54,0.03809984623227038,0.0011091824299248381
2023-06-08,17.27,1101.32,0.008723521444991103,-0.007436054636636822
2023-06-09,17.35,1107.53,0.004621614234281025,0.005622850226589979
2023-06-12,17.39,1116.02,0.0023028219733235047,0.0076364743390939845
2023-06-13,17.73,1122.46,0.019362791719924815,0.005753920309973832
2023-06-14,17.5,1117.42,-0.013057239156648165,-0.004500248679337444
2023-06-15,17.54,1116.97,0.00228310601456855,-0.0004027945041682255
2023-06-16,17.76,1115.22,0.012464750619987192,-0.0015679672057793827
2023-06-19,17.69,1105.4,-0.003949229392330141,-0.00884443444915399
2023-06-20,17.92,1111.72,0.012917899375090459,0.0057011051436337825
2023-06-21,18.64,1118.46,0.039392401710660684,0.006044373566412923
2023-06-22,18.83,1125.3,0.010141533411615875,0.006096927646741998
2023-06-23,19.24,1129.38,0.02154010256849941,0.0036191428081903993
2023-06-26,19.09,1132.03,-0.007826807499904087,0.0023436716146054432
2023-06-27,19.54,1134.33,0.023299008876980467,0.0020296870661285654
2023-06-28,20.15,1138.35,0.030740641778055338,0.0035376772731557276
2023-06-29,19.54,1125.39,-0.030740641778055283,-0.011450203287849481
2023-06-30,19.81,1120.18,0.013723214095822753,-0.004640255568484707
2023-07-03,19.85,1125.5,0.002017146422740062,0.0047379946850896245
2023-07-04,19.89,1132.0,0.002013085732681297,0.005758598416341376
2023-07-05,20.42,1134.62,0.02629771987063879,0.0023118133316375215
2023-07-06,20.45,1126.22,0.0014680697522911604,-0.007430900596913447
2023-07-07,20.79,1138.07,0.016489219381110858,0.010466952720223816
2023-07-10,20.98,1149.02,0.009097501098229535,0.009575559919572131
2023-07-11,20.68,1151.77,-0.014402553327922776,0.0023904844071415323
2023-07-12,20.45,1154.2,-0.011184167151417684,0.0021075737320762865
2023-07-13,20.49,1165.42,0.0019540797619975103,0.009674073774468415
2023-07-14,20.83,1168.4,0.016457293022072186,0.0025537544622513952
2023-07-17,20.68,1173.13,-0.007227205632652217,0.004040098938509405
2023-07-18,20.61,1174.09,-0.003390654737860711,0.000817988985717793
2023-07-19,20.76,1172.98,0.007251663395320427,-0.0009458602280759682
2023-07-20,21.36,1172.81,0.028491955794306027,-0.00014494051070020527
2023-07-21,21.51,1185.9,0.006997929187644637,0.011099401271712505
2023-07-24,21.4,1190.72,-0.005127021251832989,0.004056186187508077
2023-07-25,21.4,1195.9,0.0,0.004340873816504113
2023-07-26,21.51,1200.84,0.005127021251833055,0.004122271915603006
2023-07-27,21.51,1197.33,0.0,-0.0029272341046249514
2023-07-28,21.44,1207.67,-0.00325960707703747,0.008598805580945888
2023-07-31,21.36,1222.9,-0.0037383221106072153,0.012532203828638339
2023-08-01,20.83,1217.56,-0.025125758819113497,-0.004376231138695099
2023-08-02,20.83,1220.43,0.0,0.002354399587978682
2023-08-03,20.34,1210.95,-0.02380486465246671,-0.0077980801354735505
2023-08-04,20.72,1225.98,0.01851002677086842,0.012335348640257392
2023-08-07,20.87,1241.42,0.007213303697827194,0.012515361542979622
2023-08-08,20.61,1242.23,-0.012536326186741767,0.0006522658415781957
2023-08-09,21.06,1233.99,0.02159911180346172,-0.006655329829166482
2023-08-10,20.72,1220.61,-0.016276089314547163,-0.010902087935829769
2023-08-11,20.98,1232.21,0.012470185576868947,0.009458571344241148
2023-08-14,21.33,1236.84,0.016544929515107932,0.0037504347235074306
2023-08-15,21.17,1234.05,-0.00752944733648527,-0.00225829655365264
2023-08-16,21.17,1243.26,0.0,0.0074355187139972904
2023-08-17,21.29,1233.48,0.005652393758614238,-0.007897519184215275
2023-08-18,20.08,1177.99,-0.0585131840818597,-0.04602984660167669
2023-08-21,19.85,1179.76,-0.011520287690328904,0.001501431731531257
2023-08-22,19.81,1180.49,-0.0020171464227399655,0.0006185785601332626
2023-08-23,19.43,1172.56,-0.01936859732111079,-0.006740213783773466
2023-08-24,19.92,1189.39,0.024905988767103558,0.01425117791763329
2023-08-25,19.66,1183.37,-0.013138137437431734,-0.005074270399887418
2023-08-28,20.34,1201.72,0.03400327590139335,0.015387563630925569
2023-08-29,20.45,1204.43,0.005393491868396733,0.002252562097862977
2023-08-30,20.61,1213.16,0.007793512413556859,0.007222099649186399
2023-08-31,20.91,1224.05,0.014451118538174506,0.008936507296382816
2023-09-05,21.06,1234.98,0.007147993265287151,0.008889742687815418
2023-09-06,21.97,1245.5,0.04230237969068937,0.00848228010327104
2023-09-07,21.7,1243.14,-0.012365625850104976,-0.0018966188017888153
2023-09-08,21.78,1241.48,0.003679856958400618,-0.0013362206268904247
2023-09-11,21.21,1223.63,-0.02651934892822332,-0.014482365481084232
2023-09-12,21.78,1245.44,0.026519348928223264,0.017667030325059268
2023-09-13,21.51,1238.39,-0.012474174225175688,-0.005676732250071096
2023-09-14,21.06,1223.81,-0.02114243657380935,-0.011843205602589004
2023-09-15,20.91,1227.36,-0.0071479932652871725,0.0028965779461152174
2023-09-18,20.91,1211.81,0.0,-0.012750411547317096
2023-09-19,21.33,1211.5,0.019887019042716933,-0.00025584840708865335
2023-09-20,21.51,1226.11,0.0084034107963796,0.011987294890104704
2023-09-21,21.51,1212.74,0.0,-0.0109642937778869
2023-09-22,20.68,1193.05,-0.039350893639410384,-0.016369209000764485
2023-09-25,19.7,1153.2,-0.048548413896285565,-0.03397236660378674
2023-09-26,19.85,1137.96,0.007585371389256784,-0.013303501080610793
2023-09-27,20.08,1153.85,0.011520287690328816,0.013866991266951687
2023-09-28,20.15,1152.43,0.0034799935691636496,-0.001231420451497758
2023-09-29,19.92,1154.15,-0.011480036236239654,0.001491385790916961
2023-10-02,19.85,1155.25,-0.0035202450232527994,0.0009526284603684221
2023-10-03,18.79,1118.1,-0.05487919370782555,-0.03268595459705343
2023-10-04,19.13,1128.67,0.01793297002678753,0.009409132204558596
2023-10-05,18.86,1113.89,-0.014214506246850063,-0.013181555013593431
2023-10-06,18.9,1128.54,0.002118644860285155,0.013066368566480614
2023-10-09,19.32,1137.36,0.021978906718775382,0.0077850254166744095
2023-10-10,19.7,1143.69,0.01947780695957094,0.005550089869872869
2023-10-11,19.85,1150.81,0.007585371389256784,0.006206165049552829
2023-10-12,19.54,1151.61,-0.01574036051856285,0.0006949210241348172
2023-10-13,19.51,1154.73,-0.0015364919796166763,0.002705587123539656
2023-10-16,18.94,1141.42,-0.029651066877087687,-0.011593449104464618
2023-10-17,18.79,1121.65,-0.007951274332558315,-0.017472285830763573
2023-10-18,18.18,1103.4,-0.03300272467604113,-0.016404493620983965
2023-10-19,17.95,1087.85,-0.012731973815044957,-0.014193050574119079
2023-10-20,18.45,1108.03,0.027474255552248337,0.01838039248874879
2023-10-23,18.18,1093.53,-0.014742281737203431,-0.013172668170216522
2023-10-24,18.18,1105.9,0.0,0.011248487498570717
2023-10-25,18.22,1101.66,0.00219780308247944,-0.0038413499191637082
2023-10-26,17.27,1055.45,-0.05354899967322498,-0.04285091691007114
2023-10-27,17.69,1060.62,0.02402861601310671,0.00488642652376712
2023-10-30,17.42,1042.4,-0.01538053674733713,-0.017327895965211164
2023-10-31,17.42,1028.19,0.0,-0.013725771970819364
2023-11-01,18.14,1039.66,0.040500473262633674,0.011093761767680132
2023-11-02,19.13,1075.47,0.05313833876517081,0.03386403870845401
2023-11-03,19.01,1076.78,-0.006292626951823574,0.0012173308507593536
2023-11-06,19.51,1089.66,0.02596199813468208,0.01189061479175239
2023-11-07,19.54,1080.29,0.0015364919796167235,-0.008636197366323449
2023-11-08,20.42,1113.43,0.04405116612188294,0.03021581728861407
2023-11-09,20.23,1113.89,-0.009348161556865502,0.0004130524635349089
2023-11-10,20.08,1101.68,-0.007442356356125749,-0.011022105925417039
2023-11-13,20.61,1100.07,0.0260521000788393,-0.0014624732934797652
2023-11-14,20.45,1109.73,-0.007793512413556867,0.008742928349309871
2023-11-15,20.45,1122.5,0.0,0.011441598141708758
2023-11-16,20.61,1125.53,0.007793512413556859,0.002695695195224218
2023-11-17,20.08,1101.19,-0.026052100078839305,-0.021862622586956412
2023-11-20,20.19,1103.66,0.005463137501217787,0.0022405161650591865
2023-11-21,20.49,1110.46,0.014749529926062207,0.0061424144851209605
2023-11-22,20.61,1113.82,0.005839432651559387,0.0030212046646548706
2023-11-23,19.58,1088.49,-0.05126775780000336,-0.023004133861634794
2023-11-24,20.0,1095.61,0.0212236364516268,0.006519871088157042
2023-11-27,19.92,1088.06,-0.004008021397538711,-0.006914991811866035
2023-11-28,20.23,1095.43,0.015442399023201894,0.006750686276225651
2023-11-29,20.45,1102.8,0.010816231309156694,0.0067054199192477315
2023-11-30,20.11,1094.13,-0.016765678704250015,-0.00789287324571957
2023-12-01,20.38,1102.16,0.013336824010018027,0.0073123638324216035
2023-12-04,20.83,1120.49,0.02184022747830187,0.01649419887757572
2023-12-05,20.64,1115.97,-0.009163314659518562,-0.004042107754413259
2023-12-06,20.91,1126.43,0.012996572827180137,0.00932935771233317
2023-12-07,20.91,1121.49,0.0,-0.0043951812808437265
2023-12-08,20.98,1124.44,0.003342089527608973,0.0026269756372601528
2023-12-11,20.83,1125.5,-0.007175347695270567,0.00094224741853112
2023-12-12,21.17,1127.63,0.016190829873893278,0.001890703718400668
2023-12-13,20.72,1114.2,-0.021485667755491582,-0.011981426478472484
2023-12-14,20.49,1110.13,-0.01116245514047393,-0.0036595330208922003
2023-12-15,20.3,1102.3,-0.009316076203066655,-0.00707821959655312
2023-12-18,20.15,1091.88,-0.007416597655049819,-0.009497924812669941
2023-12-19,20.61,1096.3,0.0225721065096758,0.004039892523894466
2023-12-20,20.61,1100.76,0.0,0.0040599766290701994
2023-12-21,20.61,1102.43,0.0,0.001515983932238097
2023-12-22,20.49,1103.06,-0.005839432651559328,0.0005713016310526359
2023-12-25,20.79,1117.66,0.014535139619113223,0.013149078099839048
2023-12-26,21.06,1122.25,0.012903404835907782,0.004098384689347155
2023-12-27,21.02,1121.99,-0.0019011412570243075,-0.0002317042750892946
2023-12-28,21.17,1128.93,0.007110719697968875,0.006166387069041314
2023-12-29,21.17,1129.93,0.0,0.0008854024289493211
2024-01-02,20.79,1131.72,-0.0181129832768524,0.001582915458850962
2024-01-03,21.06,1144.17,0.012903404835907782,0.010940883954456719
2024-01-04,21.02,1150.72,-0.0019011412570243075,0.005708350104895462
2024-01-05,21.06,1154.68,0.0019011412570243728,0.0034354158885108043
2024-01-08,21.1,1160.19,0.0018975337761914111,0.004760535499575911
2024-01-09,20.98,1158.59,-0.0057034375138697545,-0.0013800362724652006
2024-01-10,20.72,1161.54,-0.012470185576868917,0.0025429623251454433
2024-01-11,20.83,1162.22,0.0052948378815983336,0.0005852583910644404
2024-01-12,20.57,1154.7,-0.01256055160801471,-0.0064913992771673265
2024-01-15,20.53,1154.12,-0.0019464726340235644,-0.0005024211607667616
2024-01-16,21.06,1163.12,0.025488275674987123,0.00776790082612664
2024-01-17,20.95,1162.53,-0.005236860337682712,-0.0005073850430265768
2024-01-18,20.95,1169.06,0.0,0.005601342494384376
2024-01-19,21.06,1181.5,0.005236860337682571,0.01058481055243475
2024-01-22,21.44,1182.86,0.017882829496771974,0.0011504171530495357
2024-01-23,21.48,1177.5,0.0018639334380627327,-0.004541687889439131
2024-01-24,21.4,1172.97,-0.003731347612858247,-0.0038545530117249874
2024-01-25,21.4,1170.37,0.0,-0.002219055763919793
2024-01-26,21.48,1175.67,0.003731347612858184,0.004518259719763211
2024-01-29,21.21,1175.69,-0.01264950106407286,1.7011431682565616e-05
2024-01-30,21.21,1179.65,0.0,0.003362575026348476
2024-01-31,21.02,1164.31,-0.008998403127786025,-0.013089147434965524
2024-02-01,21.1,1173.02,0.0037986750332157384,0.007452982948744184
2024-02-02,21.14,1172.55,0.0018939399600707832,-0.0004007554720518902
2024-02-05,21.21,1186.06,0.0033057881344994103,0.011456025162803956
2024-02-06,21.25,1188.48,0.0018841267938347478,0.002038290227033311
2024-02-07,21.33,1198.53,0.0037576371128333155,0.008420626125986524
2024-02-15,21.74,1202.5,0.019039349209804293,0.0033069171296432574
2024-02-16,21.67,1209.7,-0.003225066144795566,0.005969671985886261
2024-02-19,22.12,1224.97,0.02055336110586634,0.012543958917226572
2024-02-20,22.12,1230.06,0.0,0.0041465947815096885
2024-02-21,21.82,1230.04,-0.013655196249209267,-1.6259501646571377e-05
2024-02-22,21.63,1227.31,-0.008745740439957385,-0.002221906625541886
2024-02-23,21.51,1212.0,-0.0055632966853286035,-0.012552894908090513
2024-02-26,21.82,1224.17,0.014309037125286025,0.009991175687731895
2024-02-27,22.99,1237.46,0.05223235837016542,0.010797828371123658
2024-02-28,23.18,1254.55,0.008230499136515444,0.013716050840652328
2024-02-29,23.48,1252.73,0.012859157048290179,-0.0014517726936435216
2024-03-01,23.37,1258.28,-0.004695846409129032,0.004420539175699456
2024-03-04,23.33,1261.41,-0.0017130625174280895,0.002484433886685065
2024-03-05,23.6,1269.98,0.011506625998225809,0.006771009399630745
2024-03-06,23.33,1262.73,-0.011506625998225911,-0.005725108522239091
2024-03-07,23.48,1268.46,0.006408908926557088,0.004527522460195595
2024-03-08,22.95,1247.35,-0.02283105845334164,-0.016782265319850248
2024-03-11,22.65,1235.49,-0.013158084577511199,-0.009553648408450272
2024-03-12,22.88,1245.0,0.010103314582554219,0.0076678773920125865
2024-03-13,23.33,1270.51,0.019476919521741364,0.020282864747397204
2024-03-14,22.99,1264.26,-0.014680747258248448,-0.0049314238894339665
2024-03-15,22.8,1263.78,-0.008298802814694955,-0.0003797408314489411
2024-03-18,22.42,1243.56,-0.016807118316381174,-0.016128995941195844
2024-03-19,22.58,1242.46,0.0071111410775019715,-0.0008849486905070593
2024-03-20,22.73,1260.08,0.006621079142935956,0.014081925699860654
2024-03-21,22.92,1276.42,0.008324253982087098,0.012884073357107258
2024-03-22,23.14,1281.8,0.00955282991899172,0.004206055719539143
2024-03-25,22.88,1267.86,-0.011299555253933394,-0.010934900263235674
2024-03-26,23.14,1282.21,0.011299555253933466,0.011254711811158315
2024-03-27,23.18,1283.09,0.0017271161460751556,0.0006860796277381128
2024-03-28,23.14,1290.18,-0.0017271161460750777,0.005510512259565235
2024-03-29,22.92,1284.09,-0.009552829918991706,-0.004731447253933621
2024-04-01,22.8,1281.52,-0.00524935588614379,-0.0020034228581906864
2024-04-02,23.03,1287.04,0.010037177872198719,0.004298134751004542
2024-04-03,22.69,1271.47,-0.014873415040843496,-0.012171296740507456
2024-04-04,22.42,1268.25,-0.01197088114773645,-0.0025357139569257064
2024-04-05,22.31,1255.11,-0.004918409199572865,-0.010414779319509137
2024-04-08,22.42,1250.35,0.00491840919957292,-0.00379970602362761
2024-04-09,22.65,1262.82,0.01020643428502901,0.009923803275472877
2024-04-10,22.46,1258.56,-0.008423902618745859,-0.00337910513569082
2024-04-11,22.65,1258.2,0.008423902618745779,-0.00028608210751534965
2024-04-12,22.69,1276.6,0.0017644468627074747,0.014518165686027658
2024-04-15,21.59,1216.61,-0.04969405426503448,-0.04813199134066012
2024-04-16,21.48,1215.68,-0.005107974886052005,-0.0007647114820359663
2024-04-17,21.21,1193.01,-0.01264950106407286,-0.01882406570680224
2024-04-19,21.06,1174.85,-0.0070972618707617705,-0.015339045437844383
2024-04-22,21.21,1190.22,0.007097261870761685,0.012997684113458061
2024-04-23,20.91,1177.4,-0.014245255136048917,-0.010829546373911196
2024-04-24,21.82,1205.61,0.0425994669643825,0.023677045308807276
2024-04-25,21.63,1204.97,-0.008745740439957385,-0.0005309925536902801
2024-04-26,21.51,1209.52,-0.0055632966853286035,0.0037689163226677204
2024-05-02,21.48,1216.36,-0.0013956736389748026,0.00563920567081261
2024-05-03,21.7,1221.03,0.010189990905749945,0.003831972490678212
2024-05-06,22.2,1241.58,0.022780028331819906,0.016689997218355825
2024-05-07,22.84,1248.63,0.028421095909575637,0.005662188197349258
2024-05-08,23.26,1250.46,0.018221762302708958,0.0014645333518127353
2024-05-09,23.07,1248.64,-0.008202074904856126,-0.0014565246062624361
2024-05-10,23.07,1244.7,0.0,-0.0031604219877597924
2024-05-13,22.88,1240.18,-0.008269905674065157,-0.003638006652407349
2024-05-14,22.88,1243.28,0.0,0.0024965182528318202
2024-05-15,23.64,1254.39,0.03267702602630042,0.008896350018235511
2024-05-16,23.94,1268.78,0.012610507591929733,0.011406410205156365
2024-05-17,23.94,1273.11,0.0,0.0034069170485126784
2024-05-20,24.24,1277.58,0.012453461071286557,0.0035049375471011275
2024-05-21,24.13,1277.14,-0.0045482815641732675,-0.0003444604530833133
2024-05-22,23.71,1266.91,-0.0175589795596262,-0.00804233811360675
2024-05-23,24.58,1281.03,0.03603620406057447,0.011083576966583809
2024-05-24,24.08,1261.93,-0.020551483697268426,-0.015022146775362689
2024-05-27,24.08,1267.68,0.0,0.004546163166038504
2024-05-28,24.29,1281.73,0.008683122573460857,0.01102226965827804
2024-05-29,23.83,1272.64,-0.019119451903430357,-0.007117244855883859
2024-05-30,23.54,1266.32,-0.012244189278520017,-0.004978426641842972
2024-05-31,23.83,1261.72,0.012244189278519982,-0.0036391869406681814
2024-06-03,24.17,1280.0,0.014166903604740936,0.014384208476848112
2024-06-04,24.42,1283.52,0.010290273967166934,0.0027462256680252286
2024-06-05,24.37,1284.35,-0.0020496010454437536,0.0006464501932764479
2024-06-06,24.42,1283.56,0.00204960104544379,-0.0006152863806932581
2024-06-07,24.42,1287.58,0.0,0.0031270201355934244
2024-06-10,24.42,1290.67,0.0,0.002396975839786304
2024-06-11,24.25,1284.41,-0.006985851299066448,-0.004861994448070186
2024-06-12,24.67,1300.19,0.017171313157773243,0.012210938694768327
2024-06-13,24.58,1301.51,-0.0036548264033766866,0.0010147212309353983
2024-06-14,24.25,1279.91,-0.013516486754396503,-0.01673536590566142
2024-06-17,24.54,1274.77,0.011887821899273045,-0.004023992778581542
2024-06-18,24.5,1279.5,-0.0016313217320840852,0.0037036064368019105
2024-06-19,24.46,1279.79,-0.0016339872916550239,0.00022662535409508568
2024-06-20,24.46,1282.3,0.0,0.0019593385111313045
2024-06-21,24.21,1282.02,-0.010273359309059201,-0.00021838148211828005
2024-06-24,23.92,1254.12,-0.012050841867536122,-0.022002827588539317
2024-06-25,23.92,1256.56,0.0,0.001943697140364327
2024-06-26,24.08,1261.24,0.006666691358189077,0.0037175354593899216
2024-06-27,24.04,1259.09,-0.001662510773613414,-0.0017061261989741554
2024-06-28,23.58,1245.32,-0.019320214557781944,-0.010996712810001221
2024-07-01,23.62,1254.56,0.0016949156599915041,0.007392388497420311
2024-07-02,23.92,1269.79,0.012621118313214792,0.012066618966782005
2024-07-03,23.96,1276.85,0.0016708441648175007,0.005544574880404657
2024-07-04,23.92,1279.89,-0.0016708441648176058,0.0023780293910261132
2024-07-05,23.87,1283.04,-0.0020924887316922866,0.0024581253378942324
2024-07-08,24.0,1283.56,0.0054313899972069195,0.00040520533555273605
2024-07-09,24.17,1293.71,0.007058364367446021,0.007876592267044298
2024-07-10,24.12,1285.94,-0.002070822856406964,-0.00602409125079032
2024-07-11,24.04,1283.8,-0.0033222621919779594,-0.0016655385328476894
2024-07-12,23.75,1280.75,-0.012136579186356604,-0.0023785860583660965
2024-07-15,23.71,1279.82,-0.0016856304033360467,-0.0007264007942712075
2024-07-16,23.71,1281.18,0.0,0.0010620852228371805
2024-07-17,23.5,1268.66,-0.008896478927200906,-0.009820302934445382
2024-07-18,23.67,1274.44,0.007208002375779398,0.004545641109358068
2024-07-19,23.5,1264.78,-0.007208002375779413,-0.00760867242927472
2024-07-22,23.37,1254.64,-0.005547272599346597,-0.008049515167346113
2024-07-23,23.17,1231.81,-0.008594810106481708,-0.018364046405172203
2024-07-24,23.08,1238.47,-0.0038918968043861204,0.005392114364817119
2024-07-25,22.79,1233.19,-0.012644598382305928,-0.00427243879145199
2024-07-26,22.87,1242.11,0.003504164777097051,0.007207238404949167
2024-07-29,23.25,1246.6,0.016479123998675432,0.0036082989754389057
2024-07-30,23.25,1245.06,0.0,-0.0012361238660921468
2024-07-31,22.67,1251.51,-0.025262667513927653,0.005167100742753986
2024-08-01,22.25,1226.96,-0.018700455907188468,-0.019811256908887496
2024-08-02,22.71,1236.6,0.020463347505217947,0.00782611278194394
2024-08-05,21.62,1188.07,-0.04918654390640482,-0.040035536378821374
2024-08-06,21.92,1210.28,0.013780649868752543,0.01852159603381973
2024-08-07,21.71,1215.88,-0.009626478189614403,0.004616356666512275
2024-08-08,21.33,1208.32,-0.017658451406941365,-0.006237129368952555
2024-08-09,21.71,1223.64,0.017658451406941326,0.012599058087108187
2024-08-12,21.54,1230.28,-0.007861312161958015,0.005411762572179802
2024-08-13,21.17,1230.42,-0.017326586581468642,0.00011378875941899447
2024-08-14,21.21,1230.36,0.0018876834298171916,-4.876502573333678e-05
2024-08-15,21.0,1223.56,-0.009950330853168092,-0.005542167149301726
2024-08-16,21.33,1252.23,0.015592094759836061,0.023161319537739197
2024-08-19,21.54,1261.62,0.00979713924498326,0.007470647549960541
2024-08-20,21.5,1272.55,-0.0018587365946253266,0.008626151975185544
2024-08-21,21.79,1284.05,0.013398213822911365,0.008996383918118266
2024-08-22,21.46,1282.78,-0.01526041175397602,-0.0009895474991584495
2024-08-23,21.71,1285.32,0.011582246687648005,0.001978116761995283
2024-08-26,21.67,1280.02,-0.00184416834193279,-0.0041320117729447174
2024-08-27,21.46,1280.56,-0.009738078345715278,0.00042177944684833487
2024-08-28,21.42,1281.44,-0.001865672182949623,0.0006869633369301614
2024-08-29,21.33,1281.47,-0.004210532536343717,2.34108884052131e-05
2024-08-30,21.25,1283.87,-0.0037576371128332934,0.001871097554476947
2024-09-04,21.04,1275.8,-0.00993150750091682,-0.006305521210399527
2024-09-05,20.87,1268.21,-0.008112666780399647,-0.005966975381401426
2024-09-06,21.17,1273.96,0.014272364057664513,0.004523702038499299
2024-09-09,21.33,1267.73,0.007529447336485237,-0.004902259895335234
2024-09-10,20.96,1255.23,-0.01749867303041771,-0.009909076862795133
2024-09-11,21.12,1253.27,0.0076045993852192125,-0.0015626871826657574
2024-09-12,20.92,1256.35,-0.009514819641338507,0.002454556105208613
2024-09-13,20.83,1251.71,-0.004311383923841711,-0.003700075192523659
2024-09-16,20.71,1239.26,-0.005777579865387677,-0.009996189171903124
2024-09-17,21.04,1258.95,0.01580871246201626,0.015763612932007853
2024-09-18,20.92,1264.9,-0.005719748672786841,0.0047150274565499455
2024-09-19,21.04,1271.27,0.005719748672786909,0.005023333132224256
2024-09-20,21.37,1272.04,0.015562681461547122,0.000605510160795262
2024-09-23,21.42,1268.48,0.0023369956885465285,-0.002802577685001977
2024-09-24,21.54,1276.99,0.005586606708639776,0.006686412886801099
2024-09-25,21.83,1287.48,0.013373498833609967,0.00818107328834029
2024-09-26,21.71,1291.49,-0.005512186671651955,0.0031097711346911553
2024-09-27,21.71,1290.92,0.0,-0.0004414481118463615
2024-09-30,21.96,1287.94,0.011449632751129337,-0.0023110997311940077
2024-10-01,22.29,1292.2,0.014915530756447568,0.0033021493957590318
2024-10-02,21.92,1287.84,-0.016738685317962534,-0.0033797957786414327
2024-10-03,21.83,1278.1,-0.004114291517962441,-0.007591796207755055
2024-10-04,21.83,1270.6,0.0,-0.005885370305235871
2024-10-07,22.0,1269.93,0.00775728279646333,-0.0005274490090908634
2024-10-08,22.46,1271.98,0.020693495951981347,0.0016129606826734038
2024-10-09,22.92,1281.85,0.020273942536241724,0.007729605448831301
2024-10-10,22.71,1286.36,-0.009204535729071796,0.0035121774590472755
2024-10-11,22.75,1288.39,0.0017597892794923103,0.0015768524482975108
2024-10-14,22.54,1286.34,-0.009273636785329215,-0.001592400316296404
2024-10-15,22.62,1281.08,0.0035429620763441287,-0.004097504389164149
2024-10-16,22.58,1279.48,-0.0017699119664585806,-0.001249726784954984
2024-10-17,22.71,1286.52,0.00574079739595134,0.005487153284372991
2024-10-18,22.46,1285.46,-0.011069406807169955,-0.0008242677314871364
2024-10-21,22.29,1279.77,-0.007597801912519714,-0.004436256656731703
2024-10-22,22.21,1269.89,-0.0035955094914413626,-0.007750091739745312
2024-10-23,22.04,1270.9,-0.007683653621622418,0.0007950283598403028
2024-10-24,22.04,1257.41,0.0,-0.0106712610519671
2024-10-25,22.04,1252.72,0.0,-0.0037368625988702035
2024-10-28,22.29,1254.77,0.01127916311306378,0.001635101600989648
2024-10-29,22.54,1261.78,0.01115336121385283,0.005571133600429916
2024-10-30,22.5,1258.63,-0.0017761994012557819,-0.002499594621583504
2024-10-31,22.42,1264.48,-0.0035618915663605745,0.004637142639641829
2024-11-01,22.12,1254.89,-0.013471240989879825,-0.007613051134604667
2024-11-04,21.92,1244.71,-0.00908271457431925,-0.008145348282968376
2024-11-05,22.08,1245.76,0.007272759329079657,0.0008432143829986124
2024-11-06,22.46,1261.28,0.01706372790140269,0.012381292889507105
2024-11-07,22.46,1259.75,0.0,-0.0012137897508906522
2024-11-08,22.5,1252.56,0.0017793599000773578,-0.005723831557440059
2024-11-11,23.08,1250.32,0.025451132429524265,-0.0017899384693293727
2024-11-12,22.92,1244.82,-0.006956549793359827,-0.00440857740083501
2024-11-13,22.54,1246.04,-0.016718383234908638,0.0009795814277457856
2024-11-14,21.92,1231.89,-0.027892046531815314,-0.011420947167875959
2024-11-15,21.58,1218.57,-0.01563250224982632,-0.010871535296191033
2024-11-18,21.5,1217.12,-0.00371402469637137,-0.0011906278477907348
2024-11-19,21.21,1205.15,-0.013580166557026005,-0.009883371743592212
2024-11-20,21.33,1216.54,0.005641763906668094,0.009406723394208153
2024-11-21,21.54,1228.33,0.00979713924498326,0.009644759347831842
2024-11-22,21.75,1228.1,0.009702085806450668,-0.0001872636311005169
2024-11-25,21.92,1234.7,0.007785704545121804,0.005359765957359764
2024-11-26,21.96,1242.13,0.0018231545615149567,0.005999622329494406
2024-11-27,21.92,1241.97,-0.0018231545615150252,-0.00012881929086698354
2024-11-28,22.0,1242.11,0.0036429912785010087,0.00011271778698595457
2024-11-29,22.29,1250.46,0.013095694039461637,0.006699937201642893
2024-12-02,22.42,1251.21,0.005815270246236571,0.0005995994855195957
2024-12-03,22.5,1249.83,0.003561891566360528,-0.0011035410389657397
2024-12-04,22.25,1240.41,-0.011173300598125189,-0.0075655719382001375
2024-12-05,23.21,1267.53,0.04224121167409657,0.021628154714985536
2024-12-06,23.0,1270.14,-0.009089004357195974,0.0020570057732501104
2024-12-09,23.04,1273.84,0.0017376198985406563,0.0029088299506266724
2024-12-10,23.25,1272.07,0.009073296205674975,-0.0013904657157367483
2024-12-11,23.12,1268.86,-0.005607088229188508,-0.00252663529313225
2024-12-12,22.92,1267.35,-0.008688151957637927,-0.001190753272338045
2024-12-13,22.67,1262.57,-0.01096742732710114,-0.0037787801099414763
2024-12-16,22.5,1263.79,-0.007527155309063214,0.0009658165066219466
2024-12-17,22.5,1261.72,0.0,-0.001639273226829303
2024-12-18,22.79,1266.0,0.012806534047218501,0.0033864542673068864
2024-12-19,22.37,1254.67,-0.018601067755554597,-0.008989733922349722
2024-12-20,22.25,1257.5,-0.0053787668897891,0.002253033192122547
2024-12-23,22.5,1262.76,0.011173300598125255,0.004174178566826865
2024-12-24,22.25,1260.36,-0.011173300598125189,-0.0019024071180368514
2024-12-25,22.62,1274.04,0.016492462075725165,0.010795559390797762
2024-12-26,22.5,1272.87,-0.005319161477600045,-0.0009187604448542244
2024-12-27,22.37,1275.14,-0.005794533708336201,0.001781783117458189
2024-12-30,22.29,1272.02,-0.0035826281042608417,-0.0024497884391875
2024-12-31,22.21,1266.78,-0.0035955094914413626,-0.0041279403188518035
2025-01-02,22.5,1269.71,0.01297267130403827,0.0023102801928758117
2025-01-03,22.17,1254.59,-0.01477528558215429,-0.011979701957987537
2025-01-06,21.71,1246.35,-0.020967039738019683,-0.0065895461838348995
2025-01-07,21.71,1246.95,0.0,0.00048128986610676365
2025-01-08,21.87,1251.02,0.0073428507984759864,0.0032586489041419894
2025-01-09,21.67,1245.77,-0.009187019140408797,-0.004205405931117435
2025-01-10,21.29,1230.48,-0.017691336642879738,-0.012349475474676571
2025-01-13,21.58,1235.65,0.013529480924600514,0.004192810252420064
2025-01-14,21.54,1229.07,-0.0018552881017460925,-0.005339361576412889
2025-01-15,21.83,1236.18,0.013373498833609967,0.0057681936628605854
2025-01-16,21.92,1242.36,0.004114291517962325,0.004986817083599176
2025-01-17,22.08,1249.11,0.007272759329079657,0.005418501137945779
2025-01-20,22.04,1249.55,-0.0018132371241808313,0.00035218877682287054
2025-01-21,21.92,1246.09,-0.00545952220489887,-0.002772837602288454
2025-01-22,21.79,1242.53,-0.005948313123286431,-0.0028610253299857303
2025-01-23,22.21,1259.63,0.019091488949807712,0.013668403479519928
2025-01-24,22.12,1265.05,-0.004060461252201969,0.004293620044164451
2025-02-03,22.0,1253.03,-0.00543972329581821,-0.009547028924841258
2025-02-04,22.37,1264.68,0.01667832214372241,0.00925450758648638
2025-02-05,22.33,1269.61,-0.0017897096499718322,0.0038906409438684165
2025-02-06,22.33,1271.48,0.0,0.0014718096073495174
2025-02-07,22.21,1275.2,-0.005388427945730366,0.002921452750886857
2025-02-10,21.17,1263.26,-0.047957552759562275,-0.009407347805812961
2025-02-11,21.75,1268.45,0.0270286723879192,0.004100001398523579
2025-02-12,21.54,1266.91,-0.009702085806450591,-0.001214817768988988
2025-02-13,21.58,1270.35,0.0018552881017461409,0.00271158817604544
2025-02-14,21.75,1276.08,0.007846797704704681,0.0045004258284751025
2025-02-17,21.79,1272.72,0.0018373914218353965,-0.0026365363672084243
2025-02-18,22.12,1278.14,0.015031027697605689,0.004249553606637115
2025-02-19,22.08,1288.56,-0.0018099552452396416,0.008119419678802444
2025-02-20,22.12,1292.98,0.0018099552452396077,0.0034243159657054594
2025-02-21,22.04,1296.75,-0.0036231923694203952,0.0029115024833802267
2025-02-24,23.08,1304.56,0.046107457355185094,0.006004684921512197
2025-02-25,22.92,1303.16,-0.006956549793359827,-0.0010737350133493797
2025-02-26,23.12,1302.96,0.008688151957637823,-0.00015348487436704235
2025-02-27,23.71,1307.8,0.025198856273137366,0.0037077368618702146
2025-02-28,23.33,1305.36,-0.016156814043975606,-0.0018674713443605872
2025-03-03,23.37,1309.37,0.0017130625174281461,0.0030672407046448244
2025-03-04,23.21,1311.91,-0.006869928264420883,0.001937985102678713
2025-03-05,22.96,1304.71,-0.010829648834979971,-0.005503296750583484
2025-03-06,23.29,1318.22,0.014270512444883924,0.010301547868489257
2025-03-07,23.37,1326.05,0.0034290646545169687,0.0059222567175064526
